<BBL_address>	<BBL_exec_count>	<BBL_conditionals_jumped>	<BBL_conditionals_fellthrough>	<BBL_indirect_1_address>	<BBL_indirect_1_jumped>	<BBL_indirect_2_address>	<BBL_indirect_2_jumped>	<BBL_indirect_3_address>	<BBL_indirect_3_jumped>	<BBL_indirect_4_address>	<BBL_indirect_4_jumped>	<BBL_indirect_5_address>	<BBL_indirect_5_jumped>	<BBL_indirect_6_address>	<BBL_indirect_6_jumped>	<BBL_indirect_7_address>	<BBL_indirect_7_jumped>	<BBL_indirect_8_address>	<BBL_indirect_8_jumped>	<BBL_indirect_9_address>	<BBL_indirect_9_jumped>	<BBL_indirect_10_address>	<BBL_indirect_10_jumped>
40ec7c	36140	28912	7228
409fde	30163	14481	15682
40a04d	30036	30029	7
40a2cb	15864	10249	5615
40a013	15682	15567	115
4097b3	15042	8358	6684
4097a7	14716	472	14244
40a019	14481	14469	12
40cd45	13348	12495	853
4181dd	11553	9973	1580
40988d	10716	7823	2893
40a359	10249	9605	644
409881	9225	798	8427
40986e	8358	2289	6069
409948	7823	1963	5860
40a1c7	7480	7153	327
41034b	7228	7080	148
40ecd2	7228	7228	0
40ecda	7228	7080	148
40ec59	7228	0	0
40a192	7153	1056	6097
40a18b	7153	0	0
40958c	6821	2888	3933
4097f6	6684	0	0
417f20	6401	119	6282
417f28	6282	3711	2571
417ffe	6192	115	6077
417f0c	6146	1285	4861
417f82	6146	0	0
418006	6077	3512	2565
409874	6069	0	0
418060	5893	0	0
417fea	5893	1221	4672
40994e	5860	0	0
40a305	5615	4876	739
405695	5108	2	5106
4056a7	5106	1648	3458
40567e	5106	0	5106
409584	4656	0	4656
409513	4656	0	0
4095ba	4656	3128	1528
40a0d1	4622	4427	195
40a098	4427	1195	3232
409cc2	4309	4308	1
40cc08	4309	4308	1
409d70	4309	4308	1
40a3fa	4309	4308	1
40a3e9	4309	76	4233
40cc37	4308	1033	3275
409c1f	3861	2642	1219
417f5d	3830	121	3709
41803b	3627	212	3415
4056ce	3458	376	3082
4057c9	3458	3458	0
40cc6a	3276	0	0
40cdc1	3276	3275	1
40a22e	3104	2783	321
4056de	3082	0	0
4098d0	2893	0	0
409550	2888	723	2165
40c9d0	2648	0	0	4120eb	1807	410b3f	395	410a92	113	410aeb	89	4108b3	77	4108ce	51	4109c5	37	41098c	30	40cac0	16	41084b	8
40c9c1	2648	1079	1569
40c94c	2648	0	0
40965d	2645	798	1847
40964d	2645	2645	0
417f59	2571	134	2437
418037	2565	87	2478
4182c2	2528	2133	395
7f7f90ecd7ba	2358	0	2358
7f7f90ecd7b0	2358	919	1439
7f7f90ecd7d7	2358	31	2327
7f7f90ecd7dd	2327	0	0
7f7f90ecd76f	2327	3	2324
7f7f90ecd77e	2324	1652	672
409880	2289	0	2289
4182f7	2133	2106	27
40576d	2024	376	1648
4053a3	2024	1648	376
40995a	1963	0	1963
409963	1963	0	0
7f7fa4484118	1936	1775	161
409690	1847	0	0
4096ac	1847	0	0
4093f0	1847	103	1744
41202a	1807	0	0
4120eb	1807	1770	37
409ad8	1767	1388	379
4095db	1744	1528	216
409505	1744	0	0
40940e	1744	1244	500
4095e7	1744	0	0
4095ea	1744	0	0	4096ac	1744
40a139	1662	1470	192
405779	1648	1648	0
4094aa	1648	631	1017
4057b8	1648	1648	0
409a20	1616	1265	351
417e55	1589	658	931
4181ce	1580	0	0
417e99	1580	1560	20
418200	1580	1580	0
417d82	1580	878	702
417e72	1580	931	649
417e1b	1580	0	0
40d289	1580	1560	20
418227	1580	1560	20
4181f0	1580	1580	0
417fa5	1560	40	1520
418195	1560	1540	20
41816e	1560	161	1399
417ed7	1560	20	1540
418083	1560	0	0
409431	1552	0	0
4094a2	1552	0	1552
4094d8	1552	1052	500
7f7fa4492180	1430	1375	55
7f7fa449213e	1430	935	495
7f7f90db3f4d	1430	1430	0
7f7f90db3f40	1430	26	1404
40a172	1390	1383	7
40a0db	1390	1195	195
40a09c	1390	0	1390
4095ec	1383	0	0
40a08c	1383	0	0
40a35d	1383	1383	0
40a28b	1383	0	0
409c29	1383	0	0	40a2b9	1383
40a27f	1383	0	1383
40a191	1383	0	1383
40a1d1	1383	1056	327
40a369	1383	0	0
40a267	1383	0	1383
40a2b9	1383	0	0
7f7fa4492138	1375	0	1375
7f7fa44862ff	1304	0	1304
7f7fa4486309	1304	1300	4
7f7fa44862f0	1300	0	1300
7f7fa4483d5f	1241	1104	137
40c857	1147	1146	1
40c87d	1146	1146	0
405a13	1090	1	1089
405a29	1089	1089	0
405a00	1089	0	1089
40c95d	1087	8	1079
40cd53	1033	853	180
40cc73	1033	662	371
40cd58	1033	1033	0
7f7f90ecd740	1011	1	1010
7f7f90ecd74c	1010	91	919
7f7f90ecd756	919	0	0
417dc3	878	862	16
4099da	798	167	631
40995b	798	798	0
4096b1	798	769	29
409957	798	0	0
40971c	769	252	517
40d452	740	592	148
40ed01	740	448	292
7f7fa44920cb	724	669	55
417dc8	702	698	4
417da5	702	0	0
7f7f90ecd796	672	672	0
7f7f90ecd911	672	672	0
7f7f90ecd78d	672	0	672
7f7fa44920b8	669	0	669
40cd1e	662	0	0
7f7fa44835bf	650	0	650
7f7fa44835cd	650	638	12
7f7fa448353a	647	153	494
7f7fa4483530	647	0	647
7f7fa44835e4	647	647	0
7f7fa44835db	647	0	647
409a9c	631	0	0
409a96	631	351	280
409b4e	631	379	252
409b54	631	332	299
40946e	631	535	96
4099e7	631	0	0
40978f	546	0	546
7f7fa4497600	525	42	483
7f7fa4492160	517	495	22
409722	517	0	0
7f7fa4492174	517	517	0
4094f9	500	500	0
409423	500	0	0
7f7fa44835b2	499	10	489
7f7fa4492147	495	495	0
7f7fa448357a	494	157	337
40ccc3	492	250	242
7f7fa4497615	483	108	375
40cf87	474	468	6
40987d	472	0	0
40ed2f	448	377	71
7f7fa4498a20	402	0	0	7f7fa448345c	140	7f7fa4483395	79	7f7fa448abdc	71	7f7fa448aba9	66	7f7fa448b085	26	7f7fa4482517	15	7f7fa4491701	4	7f7fa447aebc	1
40cc81	400	272	128
40ccff	400	0	0
7f7fa4483330	397	237	160
410b3f	395	390	5
410ad0	395	0	0
410aef	395	68	327
41060f	395	372	23
410b26	395	0	0
4182da	395	390	5
410a98	395	82	313
40d1a1	395	22	373
4106e7	388	383	5
405388	376	0	0
4053e0	376	376	0
4053ec	376	159	217
4057a1	376	0	0
405787	376	1	375
405795	375	0	0
7f7fa449761a	375	354	21
40d1a9	373	294	79
41067b	372	370	2
40cd16	371	0	0
40cc7d	371	220	151
409bd8	332	0	0
40a206	327	0	0
40a22c	327	0	0
40a232	327	321	6
40a20c	327	54	273
7f7fa448382d	319	172	147
40d1e6	316	312	4
40a112	300	253	47
409b92	299	0	0
7f7fa4485c3c	293	253	40
40ed16	292	215	77
7f7fa448c725	287	0	0
40cc8b	279	0	0
40ccf9	279	121	158
409c9c	257	256	1
409d03	256	255	1
409d31	256	255	1
40cade	256	179	77
404fa5	256	255	1
4107aa	256	179	77
409e24	256	255	1
7f7fa4485c10	253	0	253
7f7fa4485c20	253	0	253
7f7fa4485c30	253	4	249
40975d	252	0	252
7f7fa448371a	250	246	4
7f7fa44836e2	250	0	0
405626	247	0	0	4057a1	246	40564e	1
7f7fa44836d0	246	119	127
7f7fa44915ae	238	4	234
7f7fa4483471	237	0	237
7f7fa448347b	237	0	0
7f7fa4483468	237	0	237
7f7fa4483442	237	0	0	7f7fa448371a	237
7f7fa44915bb	234	1	233
7f7fa44915c4	233	37	196
7f7fa448af85	227	0	227
7f7fa448af7b	227	30	197
7f7fa448af91	227	227	0
40540d	217	88	129
7f7fa44915cc	196	196	0
40a137	195	0	0
40a110	195	0	0
40a13d	195	192	3
40a116	195	47	148
40cb1d	179	178	1
4107d9	179	167	12
7f7fa4483820	174	9	165
409c1e	167	3	164
418151	163	2	161
7f7fa44841f1	161	10	151
7f7fa4484133	161	16	145
7f7fa4484166	161	0	161
7f7fa44834c0	161	0	0
7f7fa44841c3	161	0	0
7f7fa4484181	161	0	161
7f7fa448418a	161	0	0
7f7fa448410a	161	161	0
7f7fa44840d0	161	0	161
7f7fa4483360	160	0	160
7f7fa4483381	160	63	97
7f7fa449767a	160	37	123
40544f	159	0	0
7f7fa44837b0	157	3	154
7f7fa44837ca	154	0	0
7f7fa4483d33	153	8	145
7f7fa4483640	153	153	0
7f7fa4483d0b	153	0	153
7f7fa4483d03	153	0	153
7f7fa4483cf0	153	0	153
7f7fa4483d1f	153	0	153
7f7fa448365f	153	30	123
7f7fa448378b	151	0	0
7f7fa448376b	151	23	128
7f7fa448420e	151	0	151
7f7fa4484209	151	0	151
7f7fa4484253	151	0	0	7f7fa4485f24	103	7f7fa4489197	43	7f7fa447bb17	1	7f7fa447b9a1	1	7f7fa447bc8e	1	7f7fa447ba5b	1	7f7fa447bbd3	1
7f7fa448339d	151	6	145
7f7fa4483757	151	0	151
7f7fa44838a2	151	0	0	7f7fa44841f1	151
7f7fa44841f9	151	0	151
7f7fa4484219	151	0	151
7f7fa4484242	151	0	151
7f7fa4484233	151	1	150
7f7fa4497660	150	7	143
7f7fa44833e9	149	0	0	7f7fa448388a	145	7f7fa448371a	4
40ec4e	148	0	0
40d46d	148	148	0
40d465	148	148	0
40d41b	148	144	4
40ecde	148	148	0
40ed33	148	148	0
40ed3b	148	148	0
40ecea	148	0	0
40d405	148	4	144
4103ba	148	148	0
410343	148	0	0
4103c2	148	0	0
7f7fa4483748	147	0	147
7f7fa448383b	147	0	0
7f7fa448388a	147	145	2
7f7fa4483d81	145	0	0
7f7fa4484158	145	0	145
7f7fa4483fd4	145	0	0
7f7fa44833aa	145	5	140
7f7fa4483d47	145	8	137
40d449	144	0	0
7f7fa4483450	140	0	0
7f7fa448345c	140	140	0
7f7fa44833b3	140	140	0
7f7fa4485e48	136	0	136
7f7fa4485e5b	136	20	116
409df2	136	135	1
7f7fa4485f51	136	0	0	7f7fa4485f70	110	7f7fa4486170	23	7f7fa4486200	3
7f7fa4485f47	136	0	136
7f7fa4485e52	136	0	136
7f7fa4485e01	136	0	136
7f7fa4487a18	133	6	127
40a208	132	78	54
7f7fa4487a06	130	5	125
7f7fa4485df0	130	0	130
405530	129	0	0
40561b	129	0	0	4057a1	129
405416	129	129	0
7f7fa4483783	128	0	128
410878	128	51	77
7f7fa448377b	128	0	128
4108ce	128	120	8
7f7fa4487a22	127	127	0
40a044	127	127	0
7f7fa44864c4	126	126	0
7f7f90e070b0	126	125	1
7f7fa4483671	123	0	0
7f7fa449767c	123	0	0	7f7fa4498640	26	7f7fa4497740	22	7f7fa4497b00	20	7f7fa44979c0	18	7f7fa44988c0	6	7f7fa4498500	6	7f7fa4497c40	5	7f7fa4498780	5	7f7fa4497880	5	7f7fa4498000	3
7f7fa4498a12	123	0	0	7f7fa448abdc	48	7f7fa448aba9	39	7f7fa4483395	18	7f7fa4482517	14	7f7fa448b085	4
40a3ea	122	46	76
40a3e3	122	0	0
7f7fa4483b18	119	119	0
7f7fa448abd1	119	0	0
7f7fa448abdc	119	101	18
7f7fa4485e7f	116	6	110
7f7fa4485e6b	116	0	116
410a79	113	0	0
410a99	113	31	82
7f7fa4485e8c	113	7	106
410a92	113	0	0
7f7fa4485ef4	113	0	0
7f7fa4485f24	113	103	10
7f7fa447f74b	112	29	83
7f7fa4485f70	110	105	5
7f7fa4485ec5	110	0	110
7f7fa44865d8	106	106	0
7f7fa4485e96	106	0	106
7f7fa4485ea0	106	3	103
7f7fa448ab90	105	0	0
7f7fa448abb6	105	105	0
7f7fa448aba9	105	0	105
4095e9	103	0	0	4096ac	103
7f7fa4498a05	103	15	88
7f7fa448abc8	101	87	14
4040c7	100	99	1
7f7fa449b60e	97	91	6
7f7fa4483386	97	0	0
7f7fa4483395	97	9	88
409bc8	93	0	0
410ad2	89	0	0
410aeb	89	21	68
4054aa	88	0	0
7f7fa447f73e	87	0	87
7f7fa447f751	87	0	0
7f7fa448abf0	87	0	0	7f7fa448aea8	47	7f7fa44824e9	40
40d0a4	81	5	76
40d0ca	81	81	0
7f7f90db0e99	80	0	0
40d219	79	78	1
40d1b1	79	0	0
40cb9a	79	78	1
7f7f90e069d4	79	0	0
7f7fa448b3f8	78	6	72
7f7fa448b42f	78	78	0
7f7fa448b278	78	72	6
4107cc	77	73	4
4108b3	77	0	0
40cbd8	77	76	1
40caf3	77	77	0
41089a	77	0	0
7f7fa4498a00	68	33	35
7f7f90ef1df0	67	4	63
4011c0	67	0	0	7f7f90ef1df0	66	4011c6	1
7f7f90ffddc3	64	1	63
7f7f90ef1e26	63	0	0	40428e	3	404416	3	404636	3	404652	3	404679	3	4046a0	3	4046c7	3	4046eb	3	404712	3	404736	3
7f7f90ffddb0	63	0	63
7f7f90ef1e0e	63	0	63
7f7f90ffddd4	63	63	0
7f7fa4491400	62	16	46
409868	61	0	0
7f7fa4495981	61	60	1
7f7fa4495978	60	60	0
7f7fa4495998	60	59	1
7f7fa4481ef8	60	59	1
7f7fa4495970	59	0	0
7f7fa448aea8	58	47	11
7f7fa448ae9d	58	0	0
7f7fa4492089	56	1	55
7f7fa44920ae	55	0	55
7f7fa44920d0	55	0	55
7f7fa4494747	55	54	1
7f7fa44953d8	55	1	54
7f7fa44920d8	55	0	0
7f7fa44953e5	55	49	6
7f7fa44920a6	55	0	55
7f7fa4492122	55	0	55
7f7fa449211b	55	7	48
7f7fa449218e	55	55	0
7f7fa4492096	55	0	55
4108b5	51	0	0
7f7fa449b3b4	50	32	18
7f7fa44854c8	50	46	4
7f7fa44824de	47	0	0
7f7fa44824c9	47	0	47
7f7fa448ae90	47	0	47
7f7fa44824e9	47	7	40
7f7fa449b397	47	36	11
7f7fa449b380	47	0	0
7f7fa4491408	46	44	2
7f7f90ef9b68	45	42	3
7f7fa447efb0	44	15	29
7f7f90ef6900	44	14	30
7f7fa44891c0	43	8	35
7f7fa44891a8	43	0	43
7f7fa4489125	43	0	43
7f7fa4490af0	43	0	0
7f7fa4490b7e	43	0	0	7f7fa44925e0	2	7f7f90e080e0	2	7f7f90db3ea0	2	7f7f90db4780	1	7f7f90dd0e40	1	7f7f90defdd0	1	7f7f90df0060	1	7f7f90df0340	1	7f7f90df0910	1	7f7f90df0e60	1
7f7fa44891dd	43	0	0	7f7fa4490b7e	43
7f7fa44891d3	43	0	43
7f7fa4489131	43	0	43
7f7fa44890c0	43	0	43
7f7fa448911b	43	0	43
7f7fa44891b4	43	0	43
7f7fa4489197	43	0	43
7f7fa44891bb	43	0	43
7f7fa4489172	43	0	0
7f7fa44915a0	42	0	42
7f7fa447a138	42	41	1
7f7fa447a128	41	0	41
7f7f90e02700	41	40	1
7f7fa4485c47	40	39	1
7f7fa44824ed	40	0	40
7f7fa4485c93	40	39	1
7f7fa44824f7	40	11	29
7f7fa44824c0	40	4	36
7f7fa4485c86	40	0	0	7f7f90e2adb0	2	7f7f90e2ace0	2	7f7f90e2a7e0	2	7f7f90e0e480	2	7f7f90e0d670	2	7f7f90e0d630	1	7f7f90e0d230	1	7f7f90e0d710	1	7f7f90e0d780	1	7f7f90e0d7e0	1
7f7fa4485c33	39	1	38
7f7fa4485c80	39	0	39
7f7fa44790a0	39	0	0	7f7fa44954a0	39
7f7fa44954a0	39	1	38
7f7fa44954e7	39	0	0	7f7fa44975df	7	7f7fa448b31d	7	7f7fa4485284	6	7f7fa44855b8	4	7f7fa448772f	4	7f7fa4481cfa	2	7f7fa44820e9	1	7f7fa4481f1b	1	7f7fa448209b	1	7f7fa4487c4a	1
7f7fa44954c4	39	2	37
7f7fa44917b0	38	4	34
7f7fa44917a4	38	0	0
41096a	37	0	0
410bd0	37	36	1
410c24	37	37	0
4109ac	37	0	0
7f7fa4497683	37	0	0	7f7fa4498640	11	7f7fa4498140	4	7f7fa4497c40	4	7f7fa4497880	3	7f7fa44983c0	3	7f7fa4497ec0	2	7f7fa4498500	2	7f7fa4498280	2	7f7fa4498780	2	7f7fa4497b00	1
7f7fa4498640	37	28	9
4109c5	37	36	1
4120ef	37	37	0
41201f	37	0	0
4120fb	37	0	0
7f7fa449166f	37	0	0	7f7fa44917b0	33	7f7fa449180b	4
4105b7	37	36	1
4105ab	37	16	21
410547	37	0	0
410bba	37	1	36
410990	37	16	21
7f7fa44954dc	37	0	37
7f7fa449b390	36	14	22
410bfe	36	36	0
7f7f90ef6a10	36	0	0	7f7f90db3f25	21	402a9f	4	40280d	4	403edc	3	402aae	2	4042ca	1	4042e5	1
7f7fa44805bc	35	28	7
7f7f90ef8955	35	30	5
7f7fa44917b4	34	19	15
7f7fa4491780	34	0	34
7f7fa447efcc	33	0	0	7f7fa447f1b0	16	7f7fa447f564	7	7f7fa447f592	4	7f7fa447f288	2	7f7fa447f4a8	2	7f7fa447f553	2
7f7fa449b39d	33	11	22
7f7fa447efc3	33	0	33
7f7fa447efbb	33	0	33
409ea5	32	31	1
4182b9	32	0	0
7f7fa447f288	32	28	4
7f7fa449b3cb	32	0	0	7f7fa4480be3	16	7f7fa4480bcd	8	7f7fa44852c9	3	7f7fa448622a	3	7f7fa4491442	2
7f7fa44805a0	32	1	31
4182fb	32	32	0
418303	32	27	5
7f7fa449ae4a	31	17	14
7f7fa449ae20	31	0	31
7f7fa448b370	30	11	19
41098c	30	14	16
7f7fa448af51	30	0	30
7f7fa448af5e	30	0	30
410973	30	0	0
7f7f90ef6915	30	30	0
7f7fa448af41	30	0	30
7f7fa448af68	30	0	30
7f7fa448b08d	30	0	0
7f7fa448b04b	30	11	19
7f7fa448b070	30	0	0
7f7fa448b085	30	0	30
41057a	30	14	16
7f7fa4482517	29	29	0
7f7fa4492640	29	0	0	7f7fa449174d	4	7f7f90e0710e	1	7f7f90e07122	1	7f7f90e07136	1	7f7f90e0714a	1	7f7f90e0715e	1	7f7f90e07172	1	7f7f90e07186	1	7f7f90e0719a	1	7f7f90e071ae	1
7f7fa447f728	29	4	25
4096e8	29	0	0
7f7fa4482503	29	0	0
7f7fa44925e0	29	3	26
7f7fa44913b5	27	16	11
7f7fa44913be	27	18	9
7f7f90db3ea0	26	0	26
7f7fa449260a	26	17	9
7f7f90db3f20	26	0	0
7f7f90db3ec5	26	0	26
7f7f90db3ed3	26	26	0
7f7f90db3f25	26	26	0
7f7fa447af71	26	3	23
401050	26	0	0	7f7fa4490af0	26
7f7f90d90460	26	0	0	7f7f90ef6900	26
7f7fa4485f80	26	25	1
7f7f90db3f08	26	0	0	7f7f90feab1e	5	7f7f90fea9c5	4	403f6d	2	7f7f90feb229	2	7f7f90feaaaf	1	7f7f90feb467	1	7f7f90feb694	1	7f7f90feb701	1	7f7f90feb797	1	7f7f90feb95c	1
7f7fa447f734	25	4	21
7f7fa448af25	25	0	25
7f7fa4486192	23	0	0
7f7fa44839c0	23	23	0
7f7fa448617d	23	0	23
7f7fa4486170	23	0	23
7f7fa447af77	23	23	0
410646	23	18	5
7f7f90fea030	22	0	0	7f7f90db3ea0	21	7f7f90fea036	1
7f7fa4492164	22	0	22
7f7fa449b3a3	22	0	0	7f7fa448776c	4	7f7fa4487759	4	7f7fa4480b50	2	7f7fa4480bcd	2	7f7fa4481be2	2	7f7fa4481d20	2	7f7fa44854c5	1	7f7fa44852c9	1	7f7fa447b4fd	1	7f7fa448c87f	1
7f7fa4497740	22	12	10
7f7f90e2a302	21	3	18
7f7fa449b580	21	11	10
7f7fa4496f30	21	0	21
7f7fa4496f48	21	0	21
7f7fa4497179	21	0	0
7f7f90e2a300	21	0	21
7f7fa4496f56	21	0	0
7f7fa4497b00	21	16	5
7f7fa449764c	21	4	17
7f7fa449716d	21	7	14
7f7fa449718e	21	0	0	7f7fa447f492	12	7f7fa447f326	4	7f7fa447fc23	2	7f7fa4495540	2	7f7fa448a97d	1
7f7fa4496f68	21	16	5
7f7fa4497160	21	0	21
7f7fa4497186	21	0	21
410471	20	0	0
4181a4	20	20	0
4181c1	20	0	0
4181ae	20	20	0
40d2bd	20	20	0
41822b	20	20	0
418236	20	20	0
7f7fa4492611	20	20	0
7f7fa44803ac	20	0	0
4104cf	20	16	4
40d25b	20	16	4
417dd6	20	20	0
418291	20	0	0	4104cf	20
40d280	20	0	0
417d54	20	0	0
7f7fa4480380	20	20	0
417ebb	20	20	0
7f7fa44864b0	20	0	20
417de1	20	0	0
40d2c5	20	16	4
7f7fa44803bb	20	16	4
417eac	20	20	0
7f7fa4492648	20	0	0
7f7fa448aee0	19	17	2
7f7fa448b3a6	19	19	0
7f7fa449481a	19	0	0	7f7fa4494840	8	7f7fa4494828	1	7f7fa44948f8	1	7f7fa4494920	1	7f7fa4494948	1	7f7fa4494998	1	7f7fa44949c0	1	7f7fa44949e8	1	7f7fa4494a10	1	7f7fa4494a30	1
7f7fa4494810	19	1	18
7f7fa44979c0	19	18	1
7f7f90e080e0	19	1	18
7f7fa44917d0	19	19	0
7f7fa448b062	19	0	0
7f7fa447f080	18	4	14
7f7f90e06238	18	10	8
7f7f90e4c31f	18	0	0
7f7f90e086eb	18	0	18
7f7f90e08186	18	0	0	403e67	6	404f36	4	7f7f90df092e	3	7f7f90defd04	2	7f7f90df0173	1	407cea	1	7f7f90fed24d	1
7f7f90e086d0	18	0	18
7f7f90e086f0	18	3	15
7f7f90e08128	18	11	7
7f7f90e05a70	18	0	18
7f7f90e05e12	18	0	0	7f7f90e08154	16	7f7f90e0697b	1	7f7f90e07ba2	1
7f7f90e08113	18	0	18
7f7f90e4c3ac	18	0	0	7f7f90e8ac28	17	7f7f90e8ac73	1
401150	18	0	0	7f7f90ef6900	17	401156	1
7f7f90e06264	18	18	0
7f7fa447f08e	18	0	18
7f7f90e4c35d	18	16	2
7f7f90e4c2f0	18	0	18
7f7f90e0649e	18	14	4
7f7fa4479e9f	18	5	13
7f7f90e06485	18	0	18
7f7f90e06440	18	8	10
7f7f90e080fe	18	0	18
7f7fa44913a2	18	18	0
7f7fa449b3b9	18	7	11
7f7fa447f099	18	12	6
7f7fa448abe0	18	0	0	7f7fa448aea8	11	7f7fa44824e9	7
7f7f90e08107	18	15	3
7f7f90e2a307	18	18	0
7f7f90e05a79	18	15	3
7f7f90e05ebe	17	17	0
7f7fa449ae5e	17	1	16
7f7fa449ac17	17	5	12
7f7fa449abf0	17	0	17
7f7f90e4c340	17	17	0
7f7f90e4c3a0	17	0	17
7f7f90e8ac28	17	1	16
7f7f90e8ac2d	17	8	9
41085e	16	8	8
40ca9a	16	0	0
7f7fa4496cea	16	16	0
410806	16	8	8
7f7fa4496fa0	16	0	0	7f7fa44803bb	16
7f7f90e08154	16	0	16
7f7f90e08135	16	0	16
7f7fa4480be3	16	0	16
40cac0	16	0	0	41229e	1	4122af	1	4122c0	1	4122de	1	4122fe	1	41230f	1	412320	1	412331	1	412342	1	412353	1
7f7fa4496ce3	16	0	0
7f7fa4480e60	16	0	0
7f7fa4480e0d	16	16	0
7f7fa447f440	16	4	12
7f7fa449aea2	16	0	0	7f7fa44975d3	6	7f7fa4485409	4	7f7fa4491a31	4	7f7fa4481bf2	2
7f7fa4480bb0	16	0	0
7f7fa44804e0	16	0	0	7f7fa4480c16	16
7f7fa4496cd0	16	0	16
7f7fa4480bcd	16	0	0
4108d8	16	15	1
7f7fa4480b90	16	2	14
7f7fa4480c16	16	0	16
7f7fa447f1e3	16	4	12
7f7f90e8ac20	16	0	0
7f7fa4480e89	16	16	0
7f7f90e08160	16	3	13
7f7f90f66ebc	16	0	0
4107dd	16	16	0
7f7fa447f3c8	16	12	4
41084b	16	15	1
7f7fa4480c26	16	16	0
7f7fa4480bfd	16	0	0
7f7fa447f1b0	16	0	16
4107e3	16	15	1
410794	16	0	0
7f7fa447f1c8	16	0	16
7f7fa4491510	16	16	0
7f7fa4480df9	16	0	0
7f7fa4480ec8	16	0	0
7f7fa4496cf8	16	0	0	7f7fa4480e89	16
7f7f90e08145	16	0	0
7f7fa4480ba0	16	0	16
7f7fa4480e08	16	0	16
7f7f90e04840	15	0	15
7f7f90e04975	15	0	15
7f7fa44917b6	15	15	0
7f7fa44955c0	15	15	0
7f7f90e05bb0	15	4	11
7f7f90e086fc	15	0	15
7f7f90e08190	15	0	0
7f7f90e0870e	15	15	0
7f7fa44955e0	15	0	0
7f7f90e04989	15	0	0	7f7f90defec3	4	404cb2	3	404cbe	3	7f7f90dffe75	2	40848e	1	404f63	1	7f7f90e4c121	1
7f7f90e0487b	15	0	15
7f7f90e08725	15	0	0
7f7f90e048ad	15	5	10
7f7fa447f600	15	4	11
7f7f90e04888	15	0	15
7f7f90e05ba0	15	0	15
7f7f90e04892	15	0	15
7f7fa4485360	15	14	1
7f7fa44790c0	15	0	0	7f7fa44955c0	15
7f7f90e0489a	15	0	15
7f7f90e06705	14	14	0
7f7f90ef6940	14	6	8
7f7fa449ae5a	14	0	0	7f7fa448525a	5	7f7fa448273a	4	7f7fa4481cc6	2	7f7fa447b4da	1	7f7fa4488eeb	1	7f7fa4494c0b	1
7f7fa44851b0	14	10	4
7f7f90df8e40	13	0	0	407f03	2	4017c4	2	401715	1	40185d	1	4018d2	1	407cac	1	4016fe	1	4081d1	1	408346	1	408399	1
4010f0	13	0	0	7f7f90df8da0	12	4010f6	1
7f7fa4479ea5	13	13	0
7f7f90df8da0	13	13	0
7f7fa449138c	13	2	11
7f7f90e08168	13	13	0
7f7fa447f3b9	12	2	10
7f7fa449ac37	12	0	0	7f7fa44817b9	8	7f7fa448258d	4
7f7fa447f243	12	12	0
7f7fa447f470	12	0	0
7f7fa44835d2	12	3	9
7f7fa447b1fb	12	4	8
7f7fa447f492	12	12	0
7f7fa4488d64	12	9	3
7f7f90d90450	12	0	0	7f7fa44925e0	11	7f7f90d90120	1
7f7fa447f45c	12	0	12
7f7fa4488d46	12	5	7
7f7fa447f3a3	12	8	4
7f7fa449b403	11	11	0
7f7fa448b3a9	11	11	0
7f7fa44817b9	11	0	11
7f7f90e081e0	11	9	2
7f7fa4495ca3	11	0	11
401220	11	0	0	7f7f90e080e0	10	401226	1
7f7fa44913cb	11	2	9
7f7fa448aeb8	11	8	3
7f7fa44817a0	11	0	0
7f7fa448252f	11	0	0	7f7fa4487515	11
7f7fa4487515	11	0	0	7f7fa4495cba	11
7f7fa4495cba	11	0	0	7f7fa4487963	11
7f7fa447f608	11	7	4
7f7fa448b3d0	11	5	6
7f7fa44972f0	11	0	0	7f7fa4495ca3	11
7f7fa4495cae	11	0	0	7f7fa44874e0	11
7f7fa4487b58	11	0	0
7f7fa449b3be	11	4	7
7f7fa4487971	11	6	5
7f7fa4495c50	11	0	11
7f7fa449b3fa	11	0	11
7f7fa449b62c	11	5	6
7f7f90e05bc4	11	3	8
7f7fa448b098	11	5	6
7f7fa4479090	11	0	0	7f7fa4495c50	11
7f7fa4487942	11	0	0
7f7fa4487963	11	0	11
7f7fa44874e0	11	0	0
401080	11	0	0	7f7f90e086d0	10	401086	1
7f7fa4485ca5	11	6	5
7f7fa44976a0	11	4	7
7f7fa4491392	11	0	11
7f7fa449b450	11	0	0	7f7fa44854c5	3	7f7fa4491a8a	3	7f7fa4491a92	3	7f7fa4481ed5	1	7f7fa4487e81	1
7f7fa4482460	11	0	11
7f7fa448249c	11	11	0
7f7fa448aeac	11	0	11
7f7fa4482485	11	0	11
7f7fa44817be	11	0	0	7f7fa4487864	11
7f7fa4495c7c	11	0	0
7f7fa4491360	11	6	5
7f7fa4487864	11	11	0
7f7fa4484345	10	10	0
7f7fa44843d6	10	0	0
7f7fa448425c	10	0	0	7f7fa4485f24	10
7f7f90e05e48	10	1	9
402c35	10	0	0
7f7fa44841fd	10	10	0
7f7f90f72ce8	10	0	0	7f7f90dff0db	4	7f7f90dff5d2	4	7f7f90e00a8a	1	7f7f90e00dc0	1
7f7fa4484340	10	0	10
7f7f90fea020	10	0	0	7f7fa4490af0	10
7f7fa449b5a2	10	6	4
7f7f90f72cb0	10	0	10
7f7f90f72d41	10	10	0
7f7f90f72d20	10	0	10
7f7fa44841b0	10	10	0
7f7f90e06461	10	0	10
7f7fa4497770	10	0	10
7f7f90e06448	10	0	10
7f7fa44838a0	10	0	0	7f7fa44841f1	10
7f7f90e06472	10	1	9
7f7f90e06459	10	0	10
7f7fa44977aa	10	10	0
7f7f90e04af8	10	0	0
7f7f90f72d58	10	0	0	7f7f90dff244	4	7f7f90dff589	4	7f7f90e00c5a	1	7f7f90e00f9f	1
7f7f90e048be	10	0	10
7f7f90e048cd	10	10	0
7f7f90e05ac6	10	10	0
7f7f90e05dc0	10	0	0
7f7fa4483e5c	9	0	0
7f7fa447a1b0	9	0	9
7f7fa44914bc	9	0	0
7f7fa447a1ea	9	9	0
7f7fa447a170	9	9	0
7f7fa44986aa	9	9	0
7f7fa447a1de	9	0	9
7f7fa4481c48	9	9	0
7f7fa447a1e8	9	0	9
7f7fa4494840	9	9	0
7f7fa447a1a9	9	0	9
7f7fa4489b9a	9	5	4
7f7fa44913d1	9	0	0
7f7fa44914cf	9	0	0
7f7f90e8ac33	9	6	3
7f7fa447a1cd	9	0	9
7f7f90e06477	9	0	9
7f7fa4498670	9	0	9
7f7fa4488d39	9	5	4
7f7fa447b201	9	9	0
7f7fa447a17a	9	1	8
7f7fa449260f	9	9	0
7f7fa4497c40	9	3	6
7f7fa4483b37	9	7	2
7f7fa4483440	9	0	0	7f7fa448371a	9
7f7fa447a260	9	0	0
7f7fa4481c40	9	2	7
7f7fa447a187	9	0	9
410817	8	0	0
7f7fa44891f8	8	0	0	7f7f90e0d150	1	7f7f90e0d1d0	1	7f7f90e0d630	1	7f7f90e0d710	1	7f7f90e0d780	1	7f7f90e0e2f0	1	7f7f90e0e540	1	7f7f90e7b460	1
7f7fa4497066	8	0	0	7f7fa447ebab	3	7f7fa4480664	3	7f7fa447f5e8	1	7f7fa44808c3	1
7f7fa449705e	8	0	8
410830	8	0	0
7f7fa44891fa	8	0	0
410832	8	0	0
7f7fa4483d87	8	0	0
7f7fa44978b0	8	0	8
7f7fa4497880	8	0	8
7f7f90ef6955	8	0	0	7f7f90db3f25	5	402aae	2	40280d	1
7f7fa4498500	8	4	4
7f7f90e06241	8	8	0
7f7f90e05bd0	8	0	8
7f7f90e05c52	8	3	5
7f7fa4497050	8	0	0
41086f	8	0	0
4108d2	8	8	0
7f7fa44879fb	8	0	8
7f7f90e05e9d	8	0	8
7f7fa44978ea	8	7	1
7f7f90dff3c0	8	4	4
7f7fa4492100	7	0	7
7f7fa4489e61	7	0	7
7f7fa449b3dc	7	0	0	7f7fa4480bcd	4	7f7fa4488ccb	2	7f7fa4488cb2	1
7f7fa449b3c3	7	3	4
4106b2	7	7	0
7f7fa4492104	7	0	7
4041bf	7	6	1
7f7fa447f584	7	0	0
40a06d	7	7	0
7f7f90dff3e0	7	3	4
7f7fa44976c7	7	7	0
7f7fa447f57c	7	0	7
409fcb	7	0	0
7f7fa4480679	7	7	0
7f7fa448b59d	7	6	1
7f7fa4485dae	7	1	6
7f7fa44975df	7	0	7
7f7fa4489e70	7	6	1
7f7fa44975c0	7	0	0
7f7fa447e990	7	3	4
7f7fa4495600	7	0	7
7f7fa447f564	7	0	0
7f7fa4488cf0	7	6	1
7f7fa4492118	7	0	7
7f7fa44850b0	7	1	6
7f7fa4485d60	7	2	5
7f7fa4489fa2	7	6	1
7f7f90d90330	7	0	0	7f7f90e086d0	7
7f7fa448add0	7	0	7
7f7fa447eb32	7	0	0	7f7fa447f57c	7
7f7fa44805db	7	4	3
7f7fa44805cb	7	0	7
7f7fa448b590	7	0	0
7f7f90dff59d	7	0	0	7f7f90dfdd8e	4	7f7f90dfe088	3
7f7fa4480810	7	4	3
7f7fa448b294	7	7	0
7f7f90dff589	7	0	7
7f7fa44805c1	7	0	7
7f7f90e05c70	7	7	0
7f7fa4489f6b	7	3	4
7f7fa4498780	7	6	1
7f7fa44865b8	7	7	0
7f7fa44971b0	7	7	0
7f7fa448b31d	7	0	7
7f7fa448b3dc	7	1	6
7f7f90d90310	7	0	0	7f7f90e080e0	7
7f7fa4495610	7	0	0	7f7fa4480808	4	7f7fa4481c90	2	7f7fa4481f4c	1
7f7fa448b299	7	0	0	7f7fa448b59d	7
7f7fa4489e67	7	0	7
7f7f90e2a3b6	7	2	5
40a3a2	7	6	1
40a07c	7	0	0
40a36f	7	7	0
7f7fa449158a	7	7	0
40a394	7	0	7
7f7fa4491580	7	0	7
7f7fa44975e4	7	0	0
7f7fa44988c0	7	4	3
7f7fa448b30c	7	0	0
7f7fa448b330	7	2	5
7f7fa447adf4	7	2	5
7f7fa44975d3	7	0	0
7f7fa448adfa	7	2	5
40a186	7	0	0
7f7fa4479080	7	0	0	7f7fa4495600	7
40a08d	7	0	0
7f7fa449b5b3	6	6	0
7f7fa447adff	6	0	6
7f7fa4485bd4	6	1	5
7f7f90dffe20	6	4	2
7f7fa4485210	6	1	5
7f7f90dffe47	6	0	0	7f7f90dfdeb5	4	7f7f90defd1d	2
7f7fa44833fd	6	4	2
7f7fa44833f8	6	0	6
7f7fa4485290	6	0	0
403e67	6	6	0
7f7fa4485a45	6	6	0
7f7fa4485a6d	6	0	6
7f7fa447ae03	6	0	6
7f7fa4486830	6	6	0
7f7fa4485aa1	6	1	5
7f7fa44879ef	6	0	6
7f7fa44852c9	6	1	5
7f7fa4485193	6	1	5
7f7fa44953ea	6	6	0
7f7fa4485cf8	6	0	0	7f7fa447c53a	5	7f7fa447cc1e	1
7f7fa448b3ea	6	0	0
4012f0	6	0	0	7f7f90e293f0	5	4012f6	1
7f7fa448b570	6	6	0
7f7fa449b62a	6	0	0	7f7fa447f429	4	7f7fa448c88f	2
7f7fa448b432	6	0	6
7f7fa4489f14	6	2	4
7f7fa4487850	6	0	0
7f7fa447c4ee	6	1	5
7f7f90feab0a	6	0	0	7f7f90feb3ec	4	7f7f90feb62d	1	7f7f90feb642	1
7f7fa4489b00	6	1	5
7f7fa4485cc1	6	0	6
7f7fa4485a22	6	0	6
7f7fa448b3d7	6	0	0
409fa5	6	6	0
403e77	6	0	0	403e8f	3	403ee6	3
7f7fa4485284	6	0	6
40cfba	6	6	0
7f7fa4485a5e	6	0	6
7f7fa4485dc6	6	0	6
7f7fa44859f0	6	0	6
7f7f90e2a2b1	6	3	3
7f7fa4479160	6	0	0	7f7fa447fa7e	4	7f7fa447ad66	1	7f7fa447b512	1
7f7fa44850db	6	0	0	7f7fa447f9a1	4	7f7fa4479ffe	1	7f7fa447b492	1
7f7f90e2940b	6	0	6
7f7fa447c4e0	6	1	5
7f7fa4485b8b	6	5	1
7f7fa4479c5b	6	4	2
7f7fa448b0ad	6	0	0
7f7fa447c53a	6	4	2
7f7fa4485320	6	5	1
7f7fa449b636	6	4	2
7f7fa448b438	6	6	0
7f7fa4497c70	6	0	6
7f7fa4487f00	6	0	6
7f7f90feaaf6	6	0	6
7f7fa4487f0e	6	1	5
7f7fa449b5cf	6	0	6
7f7fa4485a84	6	0	6
7f7fa44876dc	6	5	1
7f7fa4485b21	6	1	5
7f7fa4489f8d	6	0	6
7f7fa4489f94	6	0	6
7f7f90feab9b	6	0	0
7f7fa4485170	6	0	0	7f7fa4479150	6
7f7fa4489ca1	6	5	1
7f7fa4489f00	6	1	5
7f7fa4479150	6	0	0	7f7fa4485193	6
4041d9	6	5	1
7f7f90ef6970	6	6	0
7f7fa448b263	6	0	0
7f7f90f66a10	6	0	0	7f7fa44925e0	5	7f7f90f664b0	1
7f7fa4485f91	6	6	0
7f7fa447c50a	6	1	5
7f7fa447ae08	6	0	0	7f7fa447b7ab	2	7f7fa447b5cd	1	7f7fa447b71e	1	7f7fa447b78a	1	7f7fa447b81a	1
7f7fa4485b64	6	6	0
403e4f	6	0	0
7f7f90e293ff	6	0	6
7f7fa4485500	6	0	0
40cf7e	6	0	0
7f7fa4487706	6	2	4
40cfc2	6	5	1
7f7f90feaa80	6	5	1
7f7f90e293f0	6	0	6
7f7fa4497caa	6	5	1
7f7fa448ae60	6	6	0
7f7fa448a1f0	6	6	0
7f7fa447f0a3	6	6	0
7f7f90e2a2a7	6	0	6
7f7f90e2949a	6	6	0
7f7f90e29441	6	0	6
7f7fa44877aa	6	5	1
7f7fa4486844	6	3	3
7f7fa448536c	6	1	5
7f7fa448a250	6	5	1
7f7fa44850c0	6	0	6
7f7fa448b27d	6	6	0
7f7fa4486e0e	6	0	6
7f7f90e294e4	6	0	0	404343	1	40435c	1	40437f	1	404398	1	4043b1	1	4043ca	1
7f7fa4485cd2	6	0	6
7f7fa4485d10	6	6	0
7f7fa4485ce8	6	5	1
7f7fa448b368	6	0	0
7f7fa4489ba3	6	0	0	7f7fa4489ca1	5	7f7fa4489d16	1
7f7fa4486e4e	6	6	0
410707	5	5	0
7f7f90e04a49	5	3	2
418294	5	0	0
7f7f90ef89e6	5	0	5
7f7f90e049e5	5	0	5
4105f5	5	0	0
418312	5	0	0	41077b	5
7f7f90db0f1a	5	0	0
7f7f90e049db	5	5	0
41051e	5	4	1
7f7f90ef81e0	5	2	3
7f7fa4485bfc	5	5	0
7f7f90e049c2	5	0	5
7f7f90ef8930	5	0	5
7f7fa448525a	5	0	0
410b43	5	5	0
7f7fa4496e20	5	0	0
7f7f90db0e60	5	0	0
7f7fa44876b4	5	5	0
40d21d	5	5	0
7f7f90e81560	5	0	0
40d198	5	0	0
7f7f90e8156b	5	0	5
7f7f90e81573	5	0	0	7f7f90dfde60	4	7f7f90e8ac88	1
7f7f90db10a0	5	0	5
7f7f90e049ac	5	5	0
403eb0	5	2	3
40d0c2	5	0	5
41077b	5	4	1
7f7f90e04abc	5	5	0
40d084	5	0	0
7f7fa4483480	5	5	0
410a6d	5	0	0
4106f7	5	5	0
410b4f	5	4	1
7f7fa448a214	5	5	0
7f7fa4487981	5	5	0
7f7fa4485acf	5	5	0
7f7fa44867f0	5	0	0
7f7fa448778a	5	0	0
7f7fa44828c2	5	3	2
7f7fa4497b30	5	0	5
7f7f90ef8991	5	0	0
7f7fa4489b32	5	1	4
7f7f90e05c5c	5	4	1
7f7fa4479cfe	5	4	1
7f7f90f66020	5	0	0	7f7fa4490af0	5
7f7fa448799e	5	3	2
7f7fa4485aa6	5	0	5
7f7fa4486770	5	0	5
402866	5	0	0	402bff	1	402c13	1	404187	1	404196	1	4041aa	1
7f7fa4497230	5	0	0
7f7f90ef89dc	5	0	5
7f7f90ef89d2	5	0	5
7f7fa44877a0	5	5	0
7f7f90ef89c8	5	0	5
7f7fa448843f	5	0	0
7f7fa4489c94	5	0	0
7f7f90db1186	5	0	5
7f7f90ef89be	5	0	5
7f7fa448784d	5	0	0
7f7fa449723b	5	0	5
7f7f90ef897e	5	0	5
7f7f90ef8978	5	0	5
7f7f90e049f1	5	0	5
7f7fa44867a9	5	5	0
7f7fa4497b6a	5	3	2
7f7f90ef84cb	5	2	3
7f7fa4496d32	5	0	0
7f7fa4496d39	5	0	5
7f7fa4497243	5	0	0	7f7fa44867a9	5
7f7f90db128c	5	0	5
7f7f90ef81d0	5	0	5
7f7fa4487816	5	0	5
7f7fa4487f1b	5	1	4
40284e	5	0	0
7f7f90db1280	5	0	5
40280d	5	5	0
7f7f90e2a3c8	5	3	2
7f7f90e04a1d	5	4	1
7f7fa448ae4f	5	5	0
7f7f90e04a02	5	0	5
7f7fa4496f70	5	0	0	7f7fa44803bb	4	7f7fa448a91a	1
7f7fa447c0f7	5	4	1
7f7fa448b357	5	0	0
7f7f90db0ecc	5	0	5
7f7f90db1172	5	0	5
7f7f90db10ca	5	0	0
7f7f90db1294	5	0	0
7f7f90db1232	5	0	0	7f7f90db0ecc	5
7f7f90db0f0c	5	0	5
7f7fa448b252	5	1	4
7f7fa449ad60	5	0	0	7f7fa44817b9	3	7f7fa44819f1	2
7f7fa4485ae8	5	0	5
7f7fa4485af8	5	0	5
4011d0	5	0	0	7f7f90db0f00	4	4011d6	1
7f7f90db0f00	5	0	5
7f7fa4489b90	5	0	0	7f7f90d6a150	1	7f7f90d91a80	1	7f7f90f761d0	1	7f7f90feb430	1	7f7f90fed140	1
7f7fa44851a6	5	4	1
7f7fa4485248	5	0	0
7f7fa4485d87	5	4	1
7f7f90e2a3a5	5	0	0
7f7f90ef89b4	5	0	5
7f7f90e2a3af	5	0	5
7f7fa448af0d	5	0	5
7f7fa448a280	5	0	0	7f7fa447ee04	4	7f7fa447c7a6	1
7f7fa448ae27	5	0	5
7f7fa4497ec0	5	1	4
410a2a	5	0	0
7f7fa447c094	5	4	1
7f7f90feab19	5	0	0
7f7f90e04f80	5	5	0
7f7f90feab1e	5	0	0
7f7fa449ac50	5	5	0
7f7fa4485abb	5	0	5
4106eb	5	5	0
7f7fa4485b52	5	0	5
7f7fa4496e33	5	0	0	7f7fa447f960	4	7f7fa448a960	1
7f7f90feaab2	5	5	0
7f7fa4485b99	5	5	0
7f7fa4496d20	5	0	5
7f7f90e04a0f	5	0	5
7f7f90db0ef1	5	0	0	404169	1	404178	1	404a1d	1	404a2c	1	404a3b	1
7f7fa44851bc	5	0	0	7f7fa4479160	5
7f7fa4496e2b	5	0	5
7f7f90db0e9c	5	0	0
7f7fa4485c60	5	4	1
7f7f90db1166	5	0	5
7f7fa4496d41	5	0	0	7f7fa447f037	4	7f7fa448a941	1
7f7fa4489c80	5	1	4
7f7f90db0f12	5	0	5
7f7f90ef89ec	5	0	0	402866	5
41830a	5	5	0
7f7fa449b645	5	0	0	7f7fa44914cf	3	7f7fa4491331	2
7f7fa44852ea	5	4	1
7f7f90e049a0	5	0	5
7f7fa447c51b	5	0	0
7f7fa44853a1	5	1	4
7f7fa4486799	5	0	0
7f7f90e048e5	5	5	0
4027f1	5	0	0
40d229	5	4	1
40d0d5	5	1	4
7f7f90ef8938	5	0	5
7f7fa4487c90	5	4	1
410717	5	0	0
7f7f90ef84c2	5	0	5
7f7f90db117e	5	0	5
7f7fa44877d0	5	0	5
7f7fa4479e78	5	1	4
7f7fa44862e0	5	1	4
4010a0	5	0	0	7f7f90ef81d0	4	4010a6	1
7f7fa447f03f	4	4	0
410468	4	0	0
7f7fa447b14f	4	3	1
7f7fa448041c	4	1	3
7f7fa44854b6	4	0	0
7f7fa44855c0	4	0	0
7f7fa4485409	4	0	4
7f7f90e007a0	4	0	0
7f7fa4482812	4	0	4
7f7fa447b1d4	4	1	3
7f7fa4489f3b	4	0	4
7f7fa44862e9	4	0	4
7f7f90dff4f7	4	0	4
7f7fa447f78a	4	0	4
7f7fa447ee66	4	0	4
7f7fa4485590	4	0	0
7f7fa4480403	4	0	4
7f7fa447f93c	4	2	2
7f7fa447f7a8	4	1	3
7f7f90dff167	4	0	4
7f7fa447f429	4	2	2
7f7f90e008c6	4	4	0
7f7fa447f796	4	0	0
7f7f90e01630	4	4	0
7f7fa449856a	4	4	0
7f7fa4487f48	4	0	0
7f7fa448631c	4	4	0
7f7fa449174d	4	0	4
7f7fa44804e6	4	0	0	7f7fa44829cd	4
7f7fa4482982	4	0	0
7f7fa44917ff	4	0	0
7f7fa447ee54	4	0	4
7f7fa449162e	4	4	0
7f7fa447ee47	4	0	4
7f7fa447f59d	4	0	0
7f7fa447ee97	4	0	4
7f7fa447ef38	4	0	4
7f7fa447c0ea	4	0	4
7f7f90defed0	4	0	0
7f7fa447f128	4	4	0
7f7f90ef99d3	4	3	1
7f7fa447ef46	4	0	4
7f7f90ef98b1	4	4	0
7f7fa447ef82	4	0	4
7f7fa448215b	4	0	0
7f7fa449181a	4	4	0
7f7f90dfddf0	4	0	4
7f7fa4498140	4	0	4
7f7fa4498170	4	0	4
7f7fa4485423	4	0	0
40d0dd	4	0	4
40d436	4	0	0
7f7fa447f77a	4	0	4
7f7f90e064ab	4	4	0
7f7fa4498530	4	0	4
7f7fa447f2ad	4	0	4
7f7fa447f020	4	0	0
404f57	4	0	0
7f7fa44981aa	4	4	0
40d277	4	0	0
7f7fa4489f2e	4	0	4
7f7fa4489b82	4	0	0	7f7f90d692e0	1	7f7f90d91a20	1	7f7f90f66bc0	1	7f7f90fed230	1
7f7fa447fa7e	4	4	0
7f7f90dff4e6	4	0	4
7f7f90deff36	4	0	0
7f7f90e00880	4	4	0
4104d3	4	4	0
7f7fa447f7dc	4	0	4
7f7fa447ee04	4	4	0
7f7fa4482169	4	1	3
7f7fa4489b68	4	0	4
7f7fa4489b5c	4	0	4
7f7fa44916f2	4	0	0
7f7fa447edc0	4	0	0
7f7fa447f25f	4	4	0
7f7f90dfde2e	4	0	4
405cb8	4	3	1
7f7fa4480800	4	0	0
7f7fa447f2a4	4	0	4
7f7fa447eea3	4	1	3
7f7fa44916df	4	0	4
7f7f90dff3c9	4	0	0
7f7f90feb40f	4	0	0	7f7f90feb5fe	1	7f7f90feb613	1	7f7f90feb675	1	7f7f90fec3aa	1
7f7fa449b3e9	4	0	0	7f7fa4488c71	2	7f7fa44914f6	2
7f7f90deff2e	4	0	0
402d39	4	0	0
7f7fa447f841	4	0	4
7f7fa4488861	4	3	1
7f7fa4483723	4	0	4
7f7f90dfde55	4	0	0	7f7f90dfc520	4
7f7fa447f8e4	4	4	0
7f7fa4491701	4	4	0
7f7fa44853d0	4	4	0
7f7fa447f6f0	4	0	4
7f7f90dff21e	4	0	4
7f7fa447ee6f	4	0	0
7f7fa44852f3	4	4	0
7f7fa447f592	4	0	4
7f7fa4491b40	4	0	0
404f63	4	0	0	405f0f	1	405f3c	1	405f69	1	405f89	1
7f7fa44855b8	4	0	4
404f36	4	0	0	4050dd	1	40514f	1	40517e	1	4051a5	1
7f7fa4491a8a	4	0	0
7f7fa4491a1d	4	0	4
7f7f90fea9c5	4	4	0
7f7fa4498000	4	3	1
7f7fa44853b8	4	1	3
7f7f90d91bf7	4	1	3
7f7f90dff441	4	0	4
7f7fa447f7ce	4	0	4
40d0e5	4	1	3
7f7fa447f960	4	0	4
7f7fa44827b3	4	3	1
7f7f90e05ca3	4	4	0
7f7f90e06320	4	0	0
7f7fa447e9bc	4	1	3
7f7fa4485513	4	4	0
7f7fa447f0d5	4	0	0	7f7fa448261b	4
7f7fa44825ea	4	0	0
40d252	4	0	0
7f7fa448261b	4	0	0
40d26f	4	4	0
40d2d1	4	4	0
7f7fa447f401	4	0	4
7f7fa44853e1	4	0	4
7f7f90defeb2	4	0	4
7f7fa4480412	4	0	4
4103d0	4	4	0
7f7f90defebb	4	0	0
7f7fa447fa46	4	2	2
7f7f90e00897	4	4	0
7f7fa447fa19	4	0	4
7f7fa447fa0a	4	1	3
7f7fa447f999	4	0	0
7f7fa4488850	4	1	3
7f7fa44808f0	4	0	0
7f7fa4480808	4	0	0
7f7fa4482548	4	0	4
7f7fa447eef3	4	4	0
7f7fa449b5a8	4	0	0	7f7fa4482169	4
402ac0	4	0	0
7f7fa448299f	4	0	4
7f7fa447f614	4	0	0
7f7fa447f8f3	4	4	0
7f7fa447f638	4	0	0
7f7fa447ee35	4	0	4
7f7fa447f2c4	4	0	0
4104db	4	3	1
7f7fa4491a26	4	0	0
7f7fa4497108	4	0	0	7f7fa4487f40	4
7f7f90e0078d	4	0	0	7f7f90e007bf	4
7f7f90dff090	4	0	4
7f7fa4487712	4	0	0
7f7f90dff191	4	0	4
7f7fa448257b	4	0	0
7f7f90ef218e	4	1	3
7f7fa447f338	4	4	0
7f7fa448281f	4	0	4
7f7fa4482562	4	0	4
7f7fa448773b	4	0	0
7f7fa447f8cd	4	4	0
7f7fa447f890	4	3	1
7f7fa448d4c0	4	3	1
7f7fa4487759	4	0	0
7f7fa447f968	4	0	4
7f7fa448273a	4	0	4
404f13	4	0	0
7f7fa4482759	4	4	0
7f7fa4491a01	4	0	4
7f7fa4491a31	4	4	0
7f7f90dff19e	4	0	4
7f7fa4497030	4	0	0	7f7fa44803fa	4
7f7f90defef3	4	0	4
7f7fa447f975	4	0	4
7f7fa447f908	4	0	4
7f7fa4482bac	4	1	3
7f7fa447f854	4	1	3
7f7fa447f839	4	0	4
7f7fa447f3a9	4	0	4
7f7fa44970b0	4	4	0
7f7fa44915aa	4	4	0
402da6	4	3	1
7f7fa4487f2c	4	0	0
7f7fa4480530	4	0	4
7f7fa4480523	4	0	4
402d53	4	4	0
402aef	4	0	0	402d53	4
7f7fa4482841	4	0	0
7f7fa447f9a1	4	0	4
7f7f90fea9b0	4	0	0
402ae4	4	4	0
7f7fa449b3c5	4	0	0	7f7fa4481de9	2	7f7fa44852c9	2
7f7f90defec3	4	0	0	4028b4	2	4018a0	1	4018e9	1
7f7fa447f919	4	0	4
7f7fa449173d	4	0	0
7f7f90ef2160	4	4	0
402a9f	4	0	0
7f7fa4489b4b	4	0	0	7f7f90d69000	1	7f7f90d91f00	1	7f7f90f66000	1	7f7f90fea000	1
401120	4	0	0	7f7f90defdd0	3	401126	1
7f7fa4480500	4	0	4
404f40	4	0	4
402aae	4	4	0
7f7fa447fa38	4	0	4
7f7fa448055a	4	1	3
7f7fa4491a63	4	4	0
7f7fa4487f40	4	0	4
7f7f90deff70	4	4	0
7f7f90dff229	4	0	0	7f7f90f72d20	4
7f7fa44970d3	4	4	0
7f7fa44853fd	4	0	0
7f7f90defe41	4	4	0
7f7f90e008d8	4	0	0	7f7f90defe41	4
7f7fa449181f	4	4	0
7f7fa4482c44	4	4	0
7f7fa447f6c9	4	0	4
7f7fa447f6de	4	0	4
7f7fa44803fa	4	0	4
7f7fa447f037	4	0	4
7f7f90e0679f	4	4	0
7f7f90e06793	4	0	4
7f7f90dff203	4	0	4
7f7fa447f701	4	0	0
7f7fa4480596	4	0	0
7f7f90e008b0	4	4	0
7f7f90defe39	4	0	0	7f7f90dfdf50	4
7f7fa4482750	4	0	4
7f7f90deff50	4	0	4
402a83	4	0	0
7f7fa4480430	4	0	4
7f7fa449180b	4	4	0
7f7f90defe12	4	0	4
7f7fa44854d4	4	0	0	7f7fa447ee97	4
7f7fa448258d	4	4	0
7f7fa448772f	4	0	4
7f7fa44803c7	4	0	0
7f7fa447f40b	4	0	0
7f7fa448053c	4	0	4
7f7fa44828b1	4	3	1
7f7f90dfdf50	4	4	0
7f7f90defe01	4	4	0
7f7fa4480512	4	0	4
7f7f90dfdfba	4	0	0
7f7f90defdfd	4	0	4
7f7fa447ae32	4	4	0
7f7fa44916a5	4	1	3
7f7fa44915f5	4	4	0
7f7f90dff548	4	0	4
7f7fa44983c0	4	2	2
7f7fa4497028	4	0	4
7f7fa4497f2a	4	3	1
7f7f90e05225	4	3	1
7f7f90e05200	4	0	4
7f7f90feaa68	4	0	0	7f7f90feb5b0	1	7f7f90feb5c3	1	7f7f90feb5d6	1	7f7f90feb5e9	1
7f7fa4497020	4	0	0
7f7f90e06783	4	0	0
7f7f90dfdecd	4	0	0	7f7f90deff36	4
7f7fa44915e0	4	0	0	7f7fa44917b0	4
7f7f90dff3d0	4	0	0	7f7f90dfdecd	4
7f7fa4497ef0	4	0	4
7f7fa448054e	4	0	4
7f7f90d91bf3	4	0	4
7f7fa4480850	4	0	0
7f7fa448776c	4	4	0
7f7f90feb3c0	4	0	0
7f7f90e00730	4	4	0
7f7f90e007bf	4	0	4
7f7f90deff68	4	0	0
7f7f90defe9a	4	0	4
7f7f90e007cb	4	0	0	7f7f90df0965	3	7f7f90df01b8	1
7f7f90dfdd70	4	0	0
7f7fa44829cd	4	0	4
7f7fa447f7a3	4	0	4
7f7fa447f393	4	4	0
7f7f90dff406	4	4	0
7f7f90dff5b0	4	0	0	7f7f90f72cb0	4
7f7fa4482954	4	4	0
7f7fa447f3d5	4	0	4
7f7f90dfdea7	4	0	0
7f7f90dff5d2	4	0	0
7f7f90dff42f	4	0	4
7f7fa447f760	4	4	0
7f7fa448295d	4	0	4
7f7f90dff451	4	0	4
7f7f90dfde60	4	4	0
7f7fa4482972	4	0	4
7f7f90dff488	4	0	4
7f7fa44829ae	4	0	0
7f7fa4491680	4	0	4
7f7f90dfc520	4	0	0
7f7fa4489f63	4	0	0	4013d0	1	7f7f90d69220	1	7f7f90f66b80	1	7f7f90fea9a0	1
7f7f90dff4a2	4	0	4
7f7fa449b64e	4	0	0	7f7fa44914cf	4
7f7f90dff532	4	0	4
7f7fa448298a	4	0	4
7f7f90dff563	4	0	4
7f7f90dff0db	4	0	4
7f7f90dff56e	4	0	0	7f7f90f72d20	4
7f7fa4491a92	4	0	0	7f7fa448298a	4
7f7fa4482732	4	0	0
7f7f90dfde28	4	0	4
7f7fa4489f78	4	0	4
7f7fa4489f84	4	0	0	418630	1	7f7f90d6a17c	1	7f7f90f76538	1	7f7f91014764	1
7f7f90e0166d	4	0	0	7f7f90dfde28	4
7f7fa447f9a7	4	4	0
7f7fa44854c5	4	4	0
7f7f90dfdd8e	4	0	0	7f7f90df097b	3	7f7f90df01ce	1
7f7f90feb3ec	4	4	0
7f7fa447f81d	4	0	4
7f7f90feb3ff	4	0	4
7f7fa447f7fb	4	0	4
7f7fa44919c7	4	0	4
7f7fa4491a75	4	0	0
7f7f90e01647	4	4	0
7f7f90dff50f	4	0	0
7f7fa4491ce0	4	4	0
7f7fa44919ec	4	4	0
7f7fa44919e3	4	0	4
7f7fa44919d9	4	0	4
7f7f90dfde1d	4	0	0
7f7f90dff4b7	4	0	4
7f7fa44919d0	4	0	4
7f7fa447f7c0	4	0	4
7f7fa4482837	4	0	0
7f7fa44829dd	4	0	0
7f7fa44915f0	4	0	4
7f7fa447f7ea	4	0	4
7f7f90dfde06	4	1	3
7f7fa44919a1	4	4	0
7f7fa447f80c	4	0	4
7f7fa4482996	4	0	4
7f7f90deff03	4	0	4
7f7fa448043d	4	4	0
7f7fa447f82e	4	0	4
7f7f90dff138	4	0	4
7f7f90defedd	4	0	4
7f7fa44917f0	4	0	4
7f7f90dfdeb5	4	0	0
7f7f90defed5	4	0	4
7f7f90dff258	4	0	0	7f7f90defed5	4
7f7fa4489b3e	4	0	4
7f7fa44855b0	4	0	0
7f7fa448d4ee	4	4	0
7f7f90dff244	4	0	4
7f7fa449177a	4	0	4
7f7fa447f326	4	0	4
7f7f90dff1e4	4	0	4
7f7f90dff1cc	4	0	4
7f7f90defdd0	4	4	0
7f7f90dff1b4	4	0	4
7f7f90e05e30	4	0	0
7f7f90dff0b9	4	0	0	7f7f90f72cb0	4
7f7f90dff0ed	4	0	4
7f7f90dff0fd	4	0	4
40d2c9	4	4	0
7f7fa4479e88	4	1	3
7f7f90e00754	4	0	4
7f7f90dff152	4	0	4
7f7fa449165a	4	4	0
40d3f0	4	0	4
7f7fa44917e0	4	0	0
7f7f90e7b741	3	0	0	7f7f90defcd3	2	7f7f90e4bed0	1
7f7f90e86af9	3	0	0
7f7f90e7b739	3	0	3
7f7fa447ec10	3	0	3
404712	3	3	0
7f7f90e00beb	3	0	3
7f7f90e00e50	3	1	2
7f7fa448684d	3	0	0
7f7f90e00b94	3	3	0
404a86	3	3	0
7f7f90db6ae0	3	0	0
7f7fa447fead	3	0	0
7f7f90e7bf2f	3	0	3
7f7f90e029eb	3	0	3
7f7f90e8ac55	3	0	3
7f7fa447ea24	3	0	3
7f7f90e02934	3	0	0
7f7f90e7bf49	3	0	0
7f7f90e02918	3	0	3
7f7f90e02900	3	0	3
7f7f90db506e	3	0	3
7f7f90db5028	3	3	0
7f7f90e7b732	3	0	0
7f7f90db4f60	3	0	3
7f7f90db4f10	3	0	3
7f7fa4489f68	3	0	0	7f7f90d692a0	1	7f7f90fea990	1	7f7f90fed1f0	1
405c4a	3	2	1
7f7f90e054bf	3	0	3
7f7fa4495959	3	1	2
7f7f90e2a33f	3	0	0	7f7f90e2a60f	3
7f7fa44888cb	3	3	0
7f7fa44821ba	3	3	0
7f7f90e0595e	3	0	0
7f7fa4488d69	3	2	1
404a90	3	1	2
404416	3	0	3
7f7f90db7030	3	0	3
404cbe	3	2	1
7f7f90db508b	3	0	0	7f7f90d692c7	1	7f7f90f66ba7	1	7f7f90fed217	1
404cb2	3	0	0
404ca3	3	0	0
7f7fa44916b5	3	0	3
404c8b	3	0	3
7f7fa447eac2	3	3	0
7f7f90e86aed	3	3	0
7f7f90e2a2bc	3	3	0
7f7f90e05c90	3	3	0
7f7f90e2a5a3	3	0	0
7f7f90e86b0e	3	0	0	7f7f90e05979	3
7f7f90e03528	3	3	0
7f7f90e05a9e	3	0	3
7f7f90e034d8	3	0	3
7f7f90e8ac3b	3	0	3
7f7fa447b130	3	1	2
405b8c	3	0	3
7f7f90e034b0	3	0	3
7f7fa4482175	3	0	3
7f7f90e0874b	3	0	0
7f7fa449b3ca	3	0	0	7f7fa4480bcd	2	7f7fa448c87f	1
7f7f90d90470	3	0	0	7f7f90ef6310	3
7f7fa447ebfd	3	0	0
7f7fa447e9e6	3	0	0
40477e	3	3	0
403ee6	3	0	0
7f7f90dfe19b	3	0	0	7f7f90dfe1b2	3
7f7fa448062d	3	0	3
7f7f90db70a4	3	0	3
403e7d	3	0	0
7f7f90db5073	3	0	0
7f7fa447b142	3	1	2
7f7f90e02948	3	3	0
7f7f90ef9b25	3	0	3
7f7f90dfe080	3	0	0
7f7f90e8ac41	3	0	0
7f7f90db7061	3	0	3
7f7f90db706a	3	3	0
7f7f90db7093	3	0	3
7f7f90db709b	3	0	3
7f7f90e00b3e	3	3	0
404736	3	3	0
7f7f90ef98a7	3	0	3
405c62	3	0	0	405d06	2	405e34	1
7f7fa4480582	3	0	3
7f7fa447eb48	3	3	0
7f7fa447ea94	3	3	0
40421c	3	0	0
7f7f90e02959	3	3	0
7f7f90db7158	3	1	2
7f7fa447af5a	3	1	2
7f7fa447ec1a	3	0	0
405e8f	3	0	0	407fc2	2	40829f	1
7f7f90e8ac5b	3	2	1
7f7f90ef2140	3	0	0	402ae4	3
40475a	3	3	0
7f7fa44805ec	3	0	3
40d129	3	3	0
7f7f90dfe194	3	0	3
4047c2	3	3	0
7f7f90e04c68	3	0	3
7f7f90dfe10c	3	3	0
7f7f90e86b06	3	0	3
4010d0	3	0	0	7f7f90ef7e40	2	4010d6	1
7f7f90e029f7	3	0	0	7f7f90db507b	3
40168e	3	0	0
7f7f90e04c73	3	3	0
7f7f90ef223e	3	0	3
404935	3	2	1
7f7f90dfe1be	3	3	0
7f7f90e00b80	3	1	2
7f7f90db4f3c	3	0	3
7f7fa447ea6e	3	0	0
7f7fa448069a	3	0	3
7f7f90d91bea	3	0	0
7f7f90d91c08	3	2	1
7f7f90e0873a	3	1	2
7f7fa44806a3	3	0	3
7f7f90e7c1f2	3	0	3
7f7f90ef632c	3	3	0
7f7f90dfe6d0	3	0	0
4046fe	3	0	0
7f7fa447eb7d	3	0	3
7f7fa447ea64	3	0	3
7f7fa448083d	3	0	0
7f7fa447ead0	3	3	0
7f7f90dfe154	3	0	0	7f7f90df098e	3
7f7fa447f861	3	3	0
7f7f90e08730	3	0	3
7f7f90e86b90	3	0	0
7f7f90df0937	3	0	0
7f7f90e86ba3	3	0	0	404f63	3
7f7f90e2a3d2	3	1	2
7f7fa44888b0	3	1	2
7f7f90db5066	3	0	3
401180	3	0	0	7f7f90df9420	2	401186	1
7f7f90e054f5	3	0	3
40441e	3	1	2
7f7f90ef64a0	3	0	0	7f7f90e0dfe0	3
7f7f90e7b720	3	0	3
7f7fa447eb25	3	3	0
7f7f90e04e10	3	0	0
7f7fa447b1e4	3	1	2
7f7f90e2a6a0	3	0	3
7f7f90e0537e	3	0	0	7f7f90e06793	3
7f7f90e00bdd	3	0	3
405c56	3	0	0
7f7f90e2a37e	3	1	2
403f03	3	0	0
7f7fa447ebed	3	0	3
7f7f90e2a377	3	0	3
7f7f90e2a36e	3	0	0
405ba8	3	2	1
7f7f90e2a29e	3	0	3
7f7f90e0dfa0	3	0	3
4059ec	3	0	0	405ba8	3
40565c	3	1	2
7f7f90dfe011	3	0	0
405b9c	3	0	0
404298	3	1	2
7f7fa448622a	3	0	3
7f7fa4488de0	3	2	1
7f7f90e2a27d	3	0	0
405ac7	3	0	0
405cf4	3	1	2
7f7f90e2a248	3	0	3
7f7f90e2a570	3	0	3
405ca1	3	3	0
7f7fa447ebe0	3	0	3
7f7fa447ea03	3	3	0
405c84	3	3	0
7f7f90dfe022	3	3	0
405c64	3	3	0
404746	3	0	0
7f7f90e04aaf	3	3	0
40427a	3	0	0
7f7f90ef84d4	3	3	0
7f7f90ef9bb0	3	0	0	7f7f90dfd35e	1	7f7f90dfd45b	1	7f7f90e00059	1
7f7fa4480680	3	0	3
7f7f90ef9a71	3	3	0
7f7fa448c89f	3	2	1
7f7f90e034cf	3	3	0
7f7fa4482bc1	3	0	3
7f7f90e2a5da	3	0	3
7f7f90e2a5ea	3	0	0
40d0eb	3	1	2
7f7f90dfd333	3	1	2
7f7f90e2a5d3	3	0	0
40468c	3	0	0
7f7f90e7bf5b	3	0	3
7f7fa447ea31	3	0	3
7f7f90ef81f6	3	0	3
7f7fa447ea3a	3	0	3
7f7fa449892a	3	3	0
7f7f90df097b	3	0	0
7f7fa4480664	3	0	3
7f7fa4482bdd	3	3	0
7f7fa448063b	3	0	0
7f7f90e7bf67	3	0	3
7f7f90e7c1fa	3	0	0	7f7f90dfeb9f	2	7f7f90dfd308	1
7f7f90dfe2e6	3	0	0
7f7f90e05aa7	3	3	0
7f7fa4481bbf	3	1	2
4016a6	3	2	1
7f7fa4485f3b	3	3	0
7f7f90e04fe8	3	2	1
7f7f90ef6310	3	0	3
7f7fa44805f9	3	3	0
7f7f90e2a60f	3	3	0
7f7f90e00bf9	3	0	0
7f7f90dfd5b1	3	0	0
7f7f90dfd5a0	3	0	3
7f7fa44916bf	3	0	3
7f7fa447ea2b	3	0	3
7f7fa4498280	3	2	1
7f7f90dfe8a0	3	1	2
7f7f90dfea20	3	1	2
7f7f90df94d0	3	2	1
7f7f90df9420	3	3	0
7f7f90e03504	3	0	0
7f7f90e2a43e	3	0	0
7f7fa447af4a	3	0	3
7f7fa447ea80	3	0	3
7f7f90db7058	3	0	3
40178b	3	1	2
7f7f90e054eb	3	0	3
7f7f90e054b3	3	0	3
7f7f90e05514	3	3	0
4048f1	3	3	0
7f7f90e86b30	3	3	0
7f7f90ef84b3	3	0	3
7f7f90e2a6b0	3	0	0	7f7f90d91b88	1	7f7f90d91b95	1	7f7f90d91ba3	1
7f7f90ef8700	3	3	0
7f7f90e7bf7b	3	0	0	7f7f90dfe016	3
7f7f90e86ae0	3	0	3
7f7f90e053a2	3	3	0
7f7f90db70b5	3	1	2
7f7f90d905a0	3	0	0	7f7f90ef9880	3
4046eb	3	3	0
7f7f90db7108	3	0	0
404665	3	0	0
403e8f	3	0	0	403ecc	3
7f7f90e05979	3	3	0
403ecc	3	0	0
7f7f90ef7e40	3	3	0
7f7fa447e9c9	3	1	2
7f7f90e2a240	3	0	3
7f7f90ef803b	3	3	0
7f7fa447ea4b	3	0	3
7f7f90ef8076	3	0	3
7f7f90ef8082	3	0	3
40428e	3	3	0
404868	3	3	0
403f4f	3	0	0	403f43	2	404242	1
7f7fa447f7b2	3	0	3
401290	3	0	0	7f7f90df0910	2	401296	1
7f7f90dfe18c	3	0	3
7f7f90df0910	3	0	0
404242	3	2	1
7f7f90dfe2da	3	0	3
7f7f90df092e	3	0	3
7f7f90db5010	3	0	3
7f7f90db71a0	3	2	1
4048bb	3	3	0
7f7f90ef2244	3	0	3
7f7fa447f887	3	0	3
4047a0	3	3	0
7f7f90dfe4b0	3	0	0
7f7fa44988f0	3	0	3
404402	3	0	0
7f7f90db501c	3	0	3
7f7f90e00e38	3	1	2
4045fb	3	2	1
7f7fa4495231	3	2	1
7f7f90d91c30	3	0	0
7f7f90ef821b	3	3	0
7f7fa447f87a	3	3	0
404636	3	0	3
40463e	3	0	0
404652	3	3	0
7f7f90e2a2e6	3	0	3
7f7f90db4f76	3	0	0
404679	3	3	0
4046a0	3	3	0
4046b3	3	0	0
4046c7	3	3	0
7f7f90e2a3e5	3	3	0
4046d7	3	0	0
404722	3	0	0
40476a	3	0	0
40478c	3	0	0
404854	3	0	0
4047ae	3	0	0
7f7f90e05390	3	0	3
7f7f90ef808b	3	1	2
7f7fa4482bcb	3	0	3
405aea	3	3	0
4047d5	3	0	0
4047e9	3	3	0
7f7f90e86b9b	3	0	3
7f7f90e7bf3d	3	0	3
7f7f90ef9880	3	0	0
404801	3	0	0
404815	3	3	0
40482d	3	0	0
404841	3	3	0
7f7f90e7c1f0	3	0	0
40487b	3	0	0
40488f	3	3	0
7f7fa447eb8b	3	0	0
7f7f90dfe180	3	0	3
4048a7	3	0	0
4048d8	3	0	0
4010c0	3	0	0	7f7f90ef2230	2	4010c6	1
7f7f90ef2261	3	0	3
403ec7	3	0	0
7f7f90ef2195	3	3	0
7f7f90ef227d	3	0	3
7f7f90ef228a	3	0	0	4048f1	3
7f7f90dfe2cb	3	0	0
7f7fa44806af	3	3	0
7f7f90ef2230	3	0	3
7f7f90df09cd	3	0	0	402892	2	40311f	1
7f7fa447ebb4	3	2	1
404a72	3	0	0
7f7f90df0965	3	0	0
7f7fa4495950	3	0	3
7f7f90db507b	3	0	3
7f7f90e7c1e0	3	0	3
7f7f90dfe450	3	3	0
403edc	3	0	0
7f7f90df0993	3	3	0
7f7fa447ebab	3	0	3
7f7f90df098e	3	0	3
7f7f90e0dfe0	3	3	0
7f7fa44865c8	3	0	0
7f7f90dfe140	3	0	3
7f7f90dfe0e0	3	0	3
7f7f90dfe1b2	3	0	3
404622	3	0	0
7f7f90dfdff0	3	0	3
7f7fa4485ed3	3	0	3
7f7fa4486200	3	0	3
7f7f90e7bf00	3	0	3
7f7f90dfe016	3	0	3
7f7f90dfe088	3	0	0	7f7f90dfe2da	3
7f7f90dfe2f6	3	3	0
7f7f90e0dfd3	3	0	0
7f7f90e0e1e1	3	0	3
7f7fa4485d9e	3	0	3
7f7f90e0e1fb	3	0	0	7f7f90dfe2f6	3
7f7fa4486235	3	3	0
7f7fa448620d	3	0	0
7f7f90e4c375	2	1	1
7f7fa448c7f5	2	0	2
7f7fa448c807	2	0	2
7f7fa448c54b	2	1	1
4017b2	2	0	0
7f7fa448c845	2	0	2
7f7fa448c865	2	0	0
7f7f90dffe43	2	2	0
7f7f90dfeb40	2	0	0
7f7f90f6b06b	2	2	0
7f7fa448ce14	2	0	0	7f7fa447c55a	2
7f7f90f6b0ad	2	0	2
7f7fa448ce07	2	0	2
4017c4	2	0	2
7f7fa4483897	2	0	0
7f7f90e82500	2	1	1
407ef4	2	0	0
7f7f90e08778	2	0	2
7f7f90f74430	2	0	2
418610	2	0	0
7f7f90e7b6c0	2	0	2
7f7f90f7445a	2	0	0
7f7f90e7b6d3	2	0	0
7f7f90f744f6	2	0	2
7f7f90e7b6e2	2	0	0	4029e0	1	402dda	1
7f7f90dff967	2	0	0	7f7f90dfeb63	2
7f7fa448c85c	2	0	2
7f7fa44819f1	2	0	2
7f7fa44819f6	2	0	0
7f7fa4491290	2	0	2
4045dd	2	0	2
404452	2	0	2
4045e1	2	2	0
404446	2	0	0
7f7f90e0e585	2	0	0	7f7fa4485c93	1	7f7fa44891fa	1
7f7f90e00917	2	2	0
404430	2	0	2
7f7fa4495549	2	0	2
4080a1	2	0	2
7f7fa4481c13	2	2	0
7f7f90e00958	2	0	0
4042ed	2	2	0
4042a6	2	2	0
404a9e	2	2	0
7f7f90dffcd0	2	2	0
407e81	2	2	0
7f7f90e0d1d0	2	2	0
7f7fa447f4a8	2	0	2
404473	2	0	0	4044ac	1	4044c7	1
7f7f90e2a3db	2	1	1
403f43	2	0	0	404242	2
403f09	2	0	0
7f7fa4481d20	2	1	1
407e54	2	0	2
7f7f90ef809d	2	0	2
7f7fa448b2f3	2	2	0
402892	2	0	2
4028a8	2	0	0
7f7fa447fa51	2	0	2
7f7fa4481bd5	2	0	0
401210	2	0	0	401216	1	7f7f90e7b6c0	1
7f7fa447fa72	2	0	0
7f7f90e0d670	2	0	0	7f7fa4485c93	2
7f7f90e2a7e0	2	0	0	7f7fa4485c93	2
7f7f90e0e574	2	0	2
7f7fa448c374	2	0	0	7f7fa447fa6a	2
7f7fa4483436	2	0	0	7f7fa448388a	2
7f7fa447fa65	2	0	0
7f7f90e0e540	2	0	2
7f7f90e00900	2	0	2
7f7f90e0d1a8	2	0	0	7f7fa4485c93	1	7f7fa44891fa	1
7f7fa447fb95	2	0	2
7f7f90e0d772	2	0	0	7f7fa4485c93	1	7f7fa44891fa	1
7f7f90ef8094	2	0	2
7f7f90e7b6da	2	0	2
7f7f90e0ab80	2	0	0
7f7fa4483421	2	0	2
403f6d	2	2	0
403f51	2	0	0
7f7fa4488cbf	2	0	0
4016c7	2	0	0	40178b	2
7f7f90e0094b	2	0	0	4016c7	2
7f7f90ef8489	2	2	0
7f7f90ef846e	2	0	2
7f7fa4488d28	2	0	2
7f7fa4488c71	2	0	0
7f7fa44914f6	2	0	0
405d0f	2	0	0
7f7f90e2a3a0	2	0	2
7f7f90df9500	2	0	0
7f7f90dffc30	2	1	1
7f7f90dffc61	2	0	2
7f7f90feb229	2	2	0
7f7f90dffc72	2	0	2
7f7f90dffc7b	2	2	0
7f7f90dffc92	2	0	2
7f7f90dffcb9	2	0	0	7f7f90dfff50	2
7f7f90dfff50	2	0	2
7f7f90fea5d0	2	0	0	7f7f90f70c70	1	7f7f90fea5d6	1
7f7f90e0d630	2	0	0	7f7fa4485c93	1	7f7fa44891fa	1
7f7f90dfea2e	2	0	2
7f7f90dfea47	2	0	2
7f7f90df0eee	2	0	2
7f7f90dffe90	2	2	0
7f7f90defca0	2	0	2
7f7f90e0e4b4	2	0	2
7f7f90e0e49d	2	0	2
404ac4	2	2	0
7f7f90dfce40	2	0	0
7f7fa4481e20	2	0	0
7f7f90e2ace0	2	0	0	7f7fa4485c93	2
7f7f90defcd3	2	0	2
7f7f90defcd7	2	0	2
7f7f90defceb	2	0	2
7f7fa448ce0f	2	0	2
7f7f90defcfc	2	0	0
7f7f90defd04	2	0	2
7f7f90f6b060	2	0	2
7f7f90defd1d	2	0	2
7f7f90fea0e0	2	0	0	7f7f90db4780	1	7f7f90fea0e6	1
7f7f90defd39	2	0	0	7f7f90dffed0	2
7f7f90ef84b6	2	0	2
7f7fa447b840	2	1	1
7f7f90dff900	2	2	0
7f7f90dff94e	2	0	2
7f7fa448c360	2	0	2
7f7fa448777b	2	2	0
7f7f90dfeb9f	2	0	2
403f1f	2	1	1
7f7f90dfeba4	2	2	0
7f7f90dfebbf	2	0	0	7f7f90dfd3b8	1	7f7f90dfff86	1
7f7f90e4c366	2	0	0
7f7f90dfff86	2	1	1
7f7f90f70c94	2	0	2
7f7f90defcc7	2	0	0	7f7f90dfce40	2
7f7fa447c54d	2	0	0
7f7f90f6b0be	2	0	0
4016b6	2	0	0
401240	2	0	0	401246	1	7f7f90df2f30	1
7f7f90e4c2bb	2	0	2
7f7f90df2f30	2	0	2
7f7f90df2f3d	2	2	0
7f7f90f74502	2	2	0
7f7fa447fbd6	2	0	0
7f7f90df2fe0	2	0	0
7f7f90df0e98	2	0	2
40178f	2	0	0
401110	2	0	0	401116	1	7f7f90df0e60	1
7f7f90df0e60	2	0	2
7f7fa4481c00	2	2	0
7f7f90df0e82	2	0	2
7f7fa4481c27	2	0	2
405024	2	0	0	405b42	1	405e5b	1
7f7f90df0ebe	2	0	0
7f7fa448341c	2	0	2
7f7f90e00150	2	0	2
7f7f90e0017c	2	0	0	7f7f90dfd240	2
7f7f90dfd267	2	2	0
7f7fa4497dea	2	1	1
7f7f90ef80a6	2	2	0
7f7fa447e9d4	2	0	2
7f7fa4497db0	2	0	2
7f7f90dfd347	2	0	2
7f7f90f70c48	2	0	2
7f7fa4497ba2	2	0	2
7f7f90dfd350	2	0	0
7f7f90f70c27	2	2	0
7f7f90f70c10	2	1	1
7f7fa4481cbc	2	0	0
7f7fa4481c87	2	0	0
7f7f90dfd35e	2	2	0
7f7f90dfd29c	2	0	2
7f7f90dfd2a9	2	1	1
7f7f90dfff09	2	0	0	7f7f90dfeca4	1	7f7f90dfef30	1
7f7f90e0e4b9	2	0	0	7f7fa4485c93	2
7f7fa44912bf	2	2	0
7f7fa447f553	2	0	0
4017d2	2	0	0
4017ef	2	2	0
7f7fa4480d3c	2	2	0
7f7fa4495552	2	0	0
7f7f90dfc3c0	2	1	1
7f7fa4481c90	2	0	0
7f7f90dfd3c8	2	0	0	7f7f90df0ee3	2
40567c	2	0	0
7f7f90df0ee3	2	0	2
7f7f90df0f00	2	0	2
407e2e	2	0	2
407e65	2	0	2
407e7a	2	0	2
7f7fa4481cc6	2	0	0
7f7fa4495500	2	2	0
407eb6	2	2	0
7f7fa4481bf2	2	2	0
407f03	2	2	0
40ca4d	2	0	0
407f6b	2	0	0
407f8a	2	0	0
7f7f90fea490	2	0	0	7f7f90f70c10	1	7f7f90fea496	1
7f7f90e08743	2	2	0
7f7fa4481d08	2	0	0
7f7fa4481d5d	2	2	0
7f7f90dfea55	2	1	1
7f7f90ef8730	2	2	0
405cfa	2	0	0
7f7f90df0f14	2	1	1
7f7f90feb282	2	0	0	7f7f90febd77	1	7f7f90febd8a	1
7f7f90feb26e	2	0	2
7f7f90feb38e	2	0	0
7f7fa4491331	2	1	1
40567f	2	0	2
4059e2	2	0	0
7f7f90feb200	2	0	0
7f7fa4481bb0	2	0	0
7f7f90e0d7d8	2	0	0	7f7fa4485c93	1	7f7fa44891fa	1
405bfc	2	2	0
7f7f90e2adb0	2	0	2
403f2c	2	0	0
405d06	2	0	2
405d1b	2	0	0
407fc2	2	2	0
4080a8	2	0	2
4080b9	2	0	0
4080db	2	0	0	4017ef	2
407ff8	2	2	0
7f7fa447b7ab	2	1	1
4028b4	2	0	0	402ce4	1	402e98	1
7f7f90e824a0	2	0	0
7f7fa4495969	2	0	0
7f7f90f6afd5	2	2	0
7f7f90e2a393	2	0	0
7f7fa44983f0	2	0	2
7f7fa4481d4f	2	0	2
7f7f90e2a38a	2	0	2
4040ad	2	0	0	404202	1	404213	1
401230	2	0	0	401236	1	7f7f90df0340	1
7f7f90d90000	2	0	0	7f7fa4490af0	2
7f7fa4488ccb	2	1	1
7f7f90e2a3cd	2	2	0
40ca98	2	0	0	41236b	1	41243b	1
7f7f90e0d780	2	2	0
7f7f90e2a479	2	1	1
7f7fa449b63b	2	2	0
401060	2	0	0	401066	1	7f7f90db3ea0	1
7f7fa4481d70	2	0	2
7f7fa4481cfa	2	0	2
7f7f90e081f0	2	0	0
7f7fa4481d85	2	2	0
7f7fa4495540	2	0	2
7f7f90db7328	2	2	0
40ca25	2	0	0
40ca81	2	0	0
7f7f90e824b3	2	0	2
7f7fa447fc04	2	0	0
7f7fa4481cb0	2	0	2
40cdf0	2	0	0
40ce5e	2	1	1
7f7fa4483b45	2	2	0
7f7fa4479c6c	2	2	0
7f7f90e04a53	2	1	1
7f7fa447fc23	2	2	0
7f7f90e0e55d	2	0	2
7f7fa449842a	2	2	0
7f7f90dffe80	2	2	0
7f7fa44913e1	2	0	0	7f7fa4487e91	1	7f7fa4489eda	1
7f7fa447f955	2	0	0
7f7fa448cdd0	2	0	0
4017cc	2	0	2
7f7fa4488c8e	2	1	1
40d10b	2	2	0
7f7fa44828d8	2	1	1
7f7fa44852ef	2	2	0
7f7f90e038c7	2	0	2
7f7f90e038b9	2	0	2
404fdc	2	0	0	405375	1	40565a	1
7f7fa4491442	2	2	0
7f7fa448c87f	2	0	0
7f7fa4495220	2	0	2
7f7fa447b139	2	0	2
7f7fa448c520	2	2	0
7f7fa448c88f	2	0	2
7f7fa4489fc8	2	2	0
7f7f90db7346	2	0	0
7f7fa447f4b5	2	2	0
7f7f90db7175	2	2	0
7f7fa4481dc9	2	0	0
40c8d8	2	1	1
7f7f90db70ff	2	0	2
7f7f90e0d710	2	2	0
7f7f90db70cf	2	0	2
7f7f90dffeca	2	0	0	7f7f90defc70	2
7f7f90f70c53	2	0	0	7f7f90fed15b	1	7f7f9100cc05	1
7f7f90db7200	2	2	0
7f7fa44914a5	2	2	0
7f7f90dfff80	2	0	0	7f7f90dfea20	2
7f7f90e0d150	2	2	0
7f7f90dfd240	2	0	2
7f7f90f745c2	2	0	0	7f7f90f66ed8	1	7f7f90f66efe	1
7f7f90dfe8ab	2	0	0	7f7f90dfd6b5	1	7f7f90dfdf38	1
7f7fa448c56a	2	0	2
7f7f90defd0c	2	0	0
7f7f90db70c6	2	0	2
7f7f90e4c2c3	2	0	0	7f7f90e4c375	2
7f7f90e4c2a0	2	0	0
7f7fa4481db4	2	0	2
7f7f90dfeb92	2	0	0	7f7f90dfd5a0	2
7f7f90df0340	2	0	2
7f7fa4480b50	2	0	2
40808f	2	0	2
7f7f90df0360	2	0	2
7f7f90df0386	2	0	2
402875	2	0	0
7f7f90df03c0	2	0	0	7f7f90dfc3c0	2
7f7f90db731c	2	0	2
7f7fa44914e0	2	0	0
7f7f90db716a	2	0	2
7f7fa4481be2	2	0	2
7f7f90e824c2	2	0	0	7f7f90e82567	1	7f7f90e82591	1
7f7f90e0ab8d	2	0	0	7f7f90e05575	1	7f7f90e0587b	1
7f7fa44854e5	2	0	0	7f7fa447ad2f	1	7f7fa447b0f8	1
7f7fa4480b3d	2	0	0
7f7f90dfc410	2	2	0
7f7f90dfc459	2	0	0	7f7f90df03c6	2
7f7f90df03c6	2	0	2
7f7f90df03da	2	0	2
7f7fa447c544	2	0	2
7f7f90df03ec	2	0	2
7f7f90df0400	2	0	0	401874	1	4083ac	1
7f7f90e08781	2	0	2
7f7f90e82525	2	1	1
7f7fa4480d5a	2	1	1
7f7f90ef8140	2	0	0	403f03	2
7f7fa447fa6a	2	0	0
7f7f90e04a76	2	2	0
7f7f90e04a97	2	0	2
7f7f90e038a0	2	0	2
7f7fa448d4ca	2	1	1
7f7f90e038cd	2	0	2
7f7f90e038de	2	2	0
7f7f90e0390a	2	0	0	7f7f90e04a49	1	7f7f90e04e8b	1
7f7fa448c83c	2	0	2
407f36	2	2	0
7f7fa448c573	2	2	0
7f7f90dffe75	2	0	0
7f7f90e824ab	2	0	2
7f7f90db4780	2	0	2
40177b	2	0	0
40ca67	2	0	0
7f7fa447c55a	2	0	0
7f7f90e04bb0	2	0	0
405c41	2	0	0
7f7f90dff955	2	2	0
7f7f90dffed0	2	2	0
7f7fa447fbad	2	0	2
7f7fa4497d80	2	0	2
7f7f90db47f5	2	1	1
7f7f90f6c7e2	2	0	0	7f7f90ecd840	1	7f7fa4489ee7	1
7f7f90db483c	2	1	1
7f7f90f6c861	2	0	0
7f7f90f6b004	2	0	0	7f7f90ecd6b8	1	7f7fa4489dd7	1
7f7f90f6c85b	2	0	2
7f7f90f745af	2	0	2
7f7fa4491411	2	0	0
7f7fa448a1e0	2	0	0	7f7fa447bfd1	1	7f7fa447c7b5	1
7f7fa4481de9	2	0	0
7f7f90f6c846	2	2	0
7f7fa4481bcb	2	0	2
7f7f90db70be	2	2	0
7f7f90df0eae	2	0	2
7f7f90f6c800	2	2	0
7f7f90dffe70	2	0	0
7f7f90f70c70	2	0	2
7f7f90f70c7c	2	0	2
7f7f90f70ca0	2	0	0	7f7fa4489f6b	2
7f7f90dffea7	2	0	2
7f7f90db4791	2	0	0
7f7f90e0d228	2	0	0	7f7fa4485c93	1	7f7fa44891fa	1
7f7f90dfeb63	2	0	2
7f7f90f6c7cb	2	0	2
7f7f90f6c7c4	2	2	0
7f7f90df034d	2	0	2
405c2f	2	0	2
7f7f90f6c7b0	2	0	2
7f7f90db7161	2	0	2
7f7fa4495520	2	0	0
7f7f90e2ade5	2	0	0	7f7fa4485c93	2
7f7f90e0e480	2	0	2
7f7fa4481c33	2	0	0
7f7fa449130d	2	0	0
7f7fa4481bea	2	0	0
7f7fa4497bb0	2	2	0
7f7f90db71f0	2	0	0	7f7f90e8ac55	2
7f7f90f6c83b	2	0	2
7f7fa447b7df	2	1	1
7f7f90ef2110	2	1	1
7f7fa4491300	2	0	2
7f7fa4495961	2	0	2
7f7f90df0376	2	0	2
7f7fa447f949	2	0	0
7f7fa449b655	2	0	0	7f7fa44914cf	2
7f7f90defc70	2	0	2
7f7f90f6b0b3	2	0	2
7f7f90f6b058	2	0	2
7f7f90f6afc0	2	0	2
7f7fa448c7e0	2	0	2
404ffc	2	2	0
7f7f90e0878a	2	0	0
7f7f90e00e58	2	2	0
7f7fa44819d0	2	0	0
7f7fa447bd3b	1	0	1
7f7fa4487cce	1	1	0
7f7fa4487e6b	1	0	0
7f7fa4497f70	1	1	0
7f7fa447c12f	1	0	1
7f7f90df0261	1	1	0
410a0e	1	0	0
7f7fa4487bcb	1	1	0
7f7f90d91fe4	1	0	1
4051ba	1	0	1
7f7f90e0558c	1	0	1
7f7fa448a25e	1	1	0
7f7f90e00a66	1	0	0	7f7f90f72cb0	1
7f7fa44945aa	1	1	0
7f7fa4488a2a	1	0	1
7f7f90e05c6b	1	1	0
7f7fa44987ea	1	1	0
7f7fa4488a67	1	0	1
7f7f90fed252	1	0	0	7f7f90ffdc8b	1
4123b3	1	0	1
7f7fa4487ec7	1	1	0
7f7fa447c0aa	1	0	1
41229e	1	0	0
7f7fa447c0c8	1	0	1
7f7fa447c106	1	0	1
7f7fa447c146	1	1	0
7f7f90d91ffb	1	0	0	418580	1
7f7fa447c15d	1	1	0
7f7fa447b4da	1	0	0
7f7fa4495d90	1	0	0	7f7fa4479db0	1
7f7f90db49bb	1	0	0
7f7fa447c154	1	0	1
7f7f90dfff8b	1	0	0	4016a6	1
7f7fa447aeff	1	0	1
7f7fa4494876	1	0	1
7f7fa448a959	1	0	0
7f7f90e05332	1	0	1
7f7f90e4bec1	1	0	0
7f7f90f73abb	1	0	1
7f7fa4487ee9	1	0	0	7f7fa447c064	1
7f7f90dfe9c8	1	0	0
40848e	1	0	0
7f7fa448b5b1	1	0	0	7f7fa4479dcc	1
7f7f90e7d58b	1	0	1
7f7fa4489cab	1	0	0	7f7fa447913a	1
7f7fa4489c5b	1	1	0
401116	1	0	0
7f7f90e07122	1	0	0
7f7f90e0580d	1	1	0
7f7fa44853c0	1	0	1
7f7fa4481f4c	1	0	1
7f7fa4482e60	1	0	0
7f7fa447bcce	1	0	1
7f7f90e0e850	1	1	0
7f7fa447b8ce	1	1	0
7f7fa4489c20	1	1	0
7f7fa447ad73	1	0	1
402daa	1	1	0
7f7fa4479dcc	1	1	0
7f7f90febba0	1	0	0
7f7fa447c78a	1	0	0
7f7fa4495f40	1	0	0
7f7f90e07c09	1	0	0
7f7f90dfd2d8	1	0	1
7f7fa447c2d4	1	1	0
7f7fa4479bf0	1	0	1
7f7f90ffdc73	1	0	0
7f7fa4479c47	1	0	1
7f7f90e0697b	1	0	1
7f7fa44877b3	1	0	0
7f7fa448c4ec	1	0	1
7f7fa448c506	1	0	0
7f7fa448225f	1	0	0	7f7fa447be6e	1
402e83	1	0	1
7f7fa448a91e	1	0	0	7f7fa4491b68	1
7f7f90d69260	1	1	0
7f7fa448a930	1	0	0
7f7f90fea2d0	1	0	0	7f7f90fea2d6	1
7f7fa4482279	1	0	1
7f7f90e05329	1	0	1
7f7f90f6701e	1	1	0
7f7fa447fc39	1	0	0
7f7fa447f5bc	1	1	0
7f7fa448058a	1	0	1
7f7fa448c728	1	0	0
7f7fa44808d0	1	0	0
7f7f90dfee13	1	0	1
7f7fa4487e81	1	0	0
7f7fa44808a2	1	0	0
7f7f90e070c5	1	0	0
7f7fa4491ba2	1	0	1
7f7fa447c45e	1	0	1
7f7fa447bc8e	1	0	1
7f7fa44807a0	1	1	0
7f7fa4493510	1	0	0
7f7fa447fbe9	1	0	0
7f7fa4487c56	1	0	1
7f7f90f76276	1	0	0	7f7fa4489b9a	1
7f7f90d692a0	1	0	1
7f7fa447fc59	1	0	0
7f7fa4492e10	1	0	1
7f7fa4491bac	1	0	1
7f7fa4479cc0	1	1	0
7f7f90dfff9a	1	0	0	4016a6	1
7f7fa4479db0	1	0	0
7f7f90dfce60	1	0	1
7f7fa4497922	1	0	1
7f7fa44948f8	1	1	0
7f7fa4479fdb	1	0	0
409c33	1	1	0
7f7fa448a050	1	0	1
7f7f90e0d100	1	1	0
7f7fa4479e43	1	0	0
7f7fa4488c88	1	1	0
7f7f90ef9e53	1	0	1
7f7f90f73ae8	1	0	0
7f7fa4494a02	1	0	0
7f7f90e8252a	1	0	1
7f7fa4485d90	1	1	0
7f7f90fea1a6	1	0	0
7f7fa4495dc2	1	0	0	7f7fa447c2d4	1
405f49	1	0	0	404f40	1
7f7fa4487590	1	1	0
7f7fa4485c7b	1	0	1
7f7fa448c744	1	0	1
4040af	1	0	0
7f7f90dfe987	1	0	0	7f7f90dfc478	1
7f7f90db0c80	1	0	0
405b36	1	0	0
7f7f90e05ece	1	1	0
7f7f90f66000	1	0	0
7f7f90e0e478	1	0	0	7f7fa4485c93	1
7f7f90db4b80	1	0	1
4010d6	1	0	0
7f7fa4487e91	1	1	0
7f7fa4497930	1	1	0
7f7f9100be60	1	0	1
7f7fa448c780	1	0	1
7f7fa447a220	1	0	0
7f7fa447b51d	1	0	1
7f7f90f66b8d	1	0	1
7f7fa4479c57	1	1	0
7f7f90e07050	1	1	0
7f7fa4494a9b	1	0	0
7f7f90e00059	1	0	0
7f7f90fec460	1	0	0
7f7fa4497e22	1	0	1
7f7fa447a210	1	0	1
7f7fa4489c65	1	0	1
7f7f90ffdd30	1	0	0
409d28	1	0	0
7f7fa4494c29	1	0	1
7f7fa4488f9a	1	0	0
7f7f90e536ad	1	0	0
7f7fa4481f0e	1	0	0
7f7f90e04792	1	1	0
7f7fa4491669	1	0	0	7f7fa44917b0	1
7f7f90df13e1	1	0	1
7f7f90e0e950	1	0	1
7f7f90fea1a0	1	0	0	7f7f90fea1a6	1
7f7fa4488eeb	1	1	0
7f7f90db4bd6	1	0	1
41084f	1	1	0
7f7fa44982ea	1	1	0
7f7fa4494751	1	0	1
7f7f90e2bf98	1	0	0	7f7fa4485c93	1
7f7f90e0d0f8	1	0	0	7f7fa4485c93	1
7f7f90ecd750	1	1	0
7f7fa447b7f0	1	0	1
7f7fa4479edb	1	0	1
40cfe7	1	1	0
7f7f90e4c121	1	0	0
404ad1	1	1	0
7f7f90e4bed8	1	0	1
7f7fa4485ca2	1	0	1
405e91	1	1	0
7f7f90e0e7b0	1	1	0
410533	1	1	0
7f7f90ef9e62	1	0	1
7f7f90e0e7fb	1	0	0	7f7fa4485c93	1
7f7fa4489e36	1	0	1
7f7f90e0d0a0	1	1	0
7f7fa4498030	1	0	1
7f7fa44822b9	1	0	0
7f7f90e0fc50	1	0	0	7f7fa4485c93	1
7f7f90e2a820	1	0	0	7f7fa4485c93	1
7f7f90e0e5e0	1	0	1
7f7fa447a6a4	1	1	0
7f7f90e0e614	1	0	1
7f7f90e0e619	1	0	0	7f7fa4485c93	1
7f7f90dfc408	1	0	1
7f7f90e0e410	1	1	0
7f7fa447b8c2	1	0	0
7f7f90e0e460	1	0	1
7f7f90d91d7e	1	0	1
7f7f90e0e468	1	0	1
7f7fa447c7a6	1	0	0
7f7fa449720b	1	0	1
7f7f90d69016	1	0	0	7f7fa4489b5c	1
7f7f90e53404	1	0	0	7f7f90ffdc73	1
7f7fa448a945	1	1	0
7f7fa4488dad	1	1	0
7f7fa447b9be	1	0	1
7f7f90fecc1f	1	0	0
7f7f90d91a77	1	0	0	7f7fa4489b9a	1
7f7fa447be98	1	1	0
7f7f90e51110	1	0	0
404343	1	0	1
410beb	1	1	0
7f7f90e0e800	1	1	0
7f7fa4479c1f	1	0	1
7f7fa447dfad	1	0	0
7f7fa44820f8	1	0	1
7f7f90e0e84b	1	0	0	7f7fa4485c93	1
7f7fa447b0dc	1	0	0
408462	1	0	0
4017fe	1	0	0
7f7fa448c6d0	1	0	1
7f7f90db71a9	1	0	1
7f7f90e0e96d	1	0	1
7f7f90e2bf50	1	1	0
7f7f90e2a860	1	0	0	7f7fa4485c93	1
7f7fa4485543	1	0	0
7f7fa4489ea6	1	1	0
7f7f90d91b95	1	0	0
7f7f90e2a930	1	0	0	7f7fa4485c93	1
7f7f90e0e750	1	1	0
7f7fa447c769	1	0	1
7f7f90ef99e0	1	1	0
7f7f90e0e7a8	1	0	0	7f7fa4485c93	1
7f7f90db7130	1	1	0
7f7fa447ad3b	1	0	0
7f7f90e0e748	1	0	0	7f7fa4485c93	1
4042d6	1	0	0
7f7fa447b9a1	1	0	1
7f7fa4491ec8	1	0	0
7f7f90dfea60	1	1	0
7f7f90e2ad88	1	0	0	7f7fa4485c93	1
7f7f90e0fc90	1	0	0	7f7fa4485c93	1
7f7f90fed240	1	0	0
7f7fa4485c4f	1	1	0
7f7f90fea016	1	0	0	7f7fa4489b5c	1
404964	1	0	1
7f7fa447b018	1	0	1
7f7f90d91c0d	1	0	1
7f7fa4485b5a	1	0	1
405e28	1	0	0
7f7f90d91e0e	1	1	0
7f7fa447c720	1	1	0
7f7fa447c697	1	0	0
7f7fa448c5d8	1	0	0	7f7fa4479c95	1
7f7fa448c7a0	1	0	1
7f7fa448c7b9	1	1	0
7f7fa448c8ad	1	0	0	7f7fa447c6ae	1
7f7f90fea0e6	1	0	0
7f7f90e00f5b	1	0	1
405ee2	1	0	1
7f7fa447b4c6	1	0	0
407c23	1	1	0
4042ee	1	0	1
7f7f90e07b3c	1	0	1
7f7f90fea5d6	1	0	0
7f7fa448d4bf	1	0	1
7f7fa447c77d	1	1	0
7f7f90e8ac80	1	0	0
7f7fa447cc1e	1	0	0
7f7fa4479f4b	1	0	1
7f7fa447c79d	1	0	0
7f7f90dfdf38	1	0	0
7f7f91012d6b	1	0	0	7f7f90fec46a	1
405e44	1	0	1
7f7fa4488da0	1	1	0
40d021	1	1	0
7f7fa4485c6a	1	0	1
7f7fa447c7b5	1	0	0
409cef	1	1	0
7f7f90ecd7e8	1	0	1
7f7fa4491f50	1	1	0
7f7fa4491f70	1	0	0
7f7fa4479fb6	1	0	1
7f7fa44916c6	1	0	1
7f7fa4497200	1	0	0
7f7fa447ae86	1	0	1
40505a	1	0	1
7f7fa4497213	1	0	0	7f7fa4491f80	1
7f7fa447c086	1	1	0
7f7fa4489056	1	0	0
7f7fa4494c4b	1	0	0	7f7fa447a04c	1
7f7fa4479c0d	1	0	0
7f7fa447a04c	1	0	1
7f7fa4479108	1	0	0
40cb21	1	1	0
7f7fa4485121	1	0	0	7f7fa447b0c1	1
7f7f90f66dc0	1	0	0
7f7f90f66e56	1	0	0
7f7f90fea9a0	1	0	0
7f7f90f66ebf	1	0	0
7f7f90f66ed8	1	0	0
40cb2a	1	0	0	40cb81	1
7f7fa447b475	1	1	0
7f7f90f66efe	1	0	0
7f7f90f66f24	1	0	0
7f7f90f664d0	1	0	0
7f7fa447c74b	1	0	0
7f7f90e0dae0	1	0	0	7f7fa4485c93	1
7f7f90febdb0	1	0	0
7f7fa4491f80	1	0	0	7f7fa447c7bb	1
7f7f90f66f57	1	0	0
7f7f90e81f94	1	0	1
7f7fa447b435	1	0	1
7f7fa4494550	1	0	1
407bfa	1	0	1
7f7f90e81f9c	1	0	0	7f7f90f66f89	1
7f7f90fed180	1	1	0
7f7f90f66f89	1	0	1
7f7f9100cc05	1	0	0
7f7f90f66f92	1	0	1
7f7fa447c29c	1	0	0
7f7f90f66f9d	1	0	1
404305	1	1	0
4029f0	1	0	0
7f7f90f67070	1	0	0
7f7f90f66940	1	0	0	7f7f90f663e0	1
4104df	1	1	0
402a74	1	0	0	402c8c	1
7f7f90e4bf25	1	0	1
7f7f90e02740	1	0	1
7f7f90e02766	1	0	1
7f7fa447c48c	1	0	0
7f7f90f670be	1	0	0
7f7f90dfcecb	1	1	0
7f7f90e0277f	1	0	1
7f7f90e81724	1	0	1
7f7fa44979f0	1	0	1
4050b2	1	0	0	404f13	1
7f7f90e027ea	1	0	0	7f7f90e026ed	1
7f7f90e026ed	1	1	0
7f7fa4494a96	1	0	0
7f7fa447f8c5	1	0	1
7f7f90e0271f	1	0	0	7f7f90f670be	1
7f7f90df1338	1	0	1
7f7f90e2a538	1	0	1
7f7f90f76130	1	0	0
7f7f90f7616e	1	0	0	7f7f90f670d4	1
7f7f90f670d4	1	0	1
7f7f90db4bdb	1	1	0
7f7fa4494896	1	0	1
7f7f90e2ad20	1	1	0
7f7f90dfcee1	1	0	0	7f7f90dfe951	1
7f7fa447dfa8	1	0	0
7f7f90f670e7	1	0	0	7f7f90f6600d	1
7f7fa44948a9	1	1	0
404f65	1	0	0
7f7fa447a0b0	1	0	1
7f7f90e052a6	1	1	0
7f7f90f66b40	1	1	0
7f7f90f66b78	1	0	0	7f7fa4489b9a	1
7f7f90f76216	1	0	0
402c8c	1	1	0
7f7f90f7623e	1	0	0
40184e	1	0	0
7f7fa4494ea8	1	0	0
7f7f90f76252	1	0	1
7f7f90febb79	1	0	0
7f7fa4489d16	1	0	0
40565a	1	0	0	405bce	1
7f7f9100be84	1	0	1
7f7f90dfd408	1	0	0
7f7f90ffdc60	1	0	0
7f7f90e04e8b	1	0	0
7f7f90e8251b	1	0	1
7f7f90d91a20	1	1	0
7f7fa4479fc4	1	1	0
7f7fa4488df5	1	0	0	7f7fa448208a	1
7f7f90d91f00	1	1	0
407ce0	1	0	0
7f7fa4494f04	1	0	1
7f7fa4494f9a	1	1	0
7f7f90d91f27	1	0	0
4029ee	1	0	0	402f71	1
7f7f90df13f9	1	1	0
7f7f90e8d1a9	1	0	1
7f7f90e8d1ba	1	0	0
4011b0	1	0	0	4011b6	1
7f7fa447bf9c	1	1	0
7f7fa447bf42	1	1	0
7f7fa4496e08	1	0	0	7f7fa447c021	1
7f7f90ef67a0	1	1	0
7f7fa447bbfa	1	0	1
7f7fa4494828	1	1	0
4043f5	1	0	0
408264	1	0	0
7f7fa447f5e8	1	1	0
7f7f90ef67e0	1	1	0
7f7f90fed230	1	0	0
7f7fa4491b68	1	0	1
7f7f90ef68c0	1	0	1
7f7f90ef68d6	1	0	0	7f7f90e8d1c7	1
7f7f90e8d1c7	1	0	0	7f7f90d91f45	1
7f7f90d91ff6	1	0	1
7f7f90d91a57	1	0	1
7f7f90ffdd98	1	0	1
7f7fa4491b50	1	0	0
7f7f90d91a80	1	1	0
7f7f90e4c37a	1	0	0
7f7f90dfd3b8	1	1	0
7f7fa4487bf4	1	1	0
4042e5	1	0	0
404ccd	1	0	0	7f7f90d92083	1
7f7f90db498a	1	0	1
7f7fa4487c4a	1	0	1
7f7f90f66e09	1	0	0
7f7f9100beaf	1	0	0	7f7f90fec465	1
7f7fa4481b70	1	0	0
7f7f90ecd728	1	0	0
7f7fa44959a4	1	0	0
408482	1	0	0
40cb81	1	0	0
7f7f90e07bae	1	0	1
7f7f90e07172	1	0	0
7f7f90e2a47e	1	1	0
7f7fa4497f62	1	0	1
7f7f90d91ba3	1	0	1
7f7f90e2a488	1	1	0
4105dd	1	1	0
7f7f90e0587b	1	0	1
7f7fa4494e21	1	0	0
7f7f90d91baf	1	0	1
7f7fa4479d0b	1	0	0
7f7f90dfd2ff	1	0	0	7f7f90dfd5a0	1
7f7f90d91bc5	1	0	1
404187	1	0	0
7f7fa448a941	1	0	1
7f7f90d91c28	1	0	1
7f7f90d91c13	1	1	0
7f7f90feb62d	1	0	0
7f7f90d91d73	1	0	1
7f7fa44845ea	1	0	0
7f7f90d91dc1	1	1	0
7f7f90db4a08	1	0	0
7f7f90d91e63	1	1	0
7f7f90e07b61	1	1	0
7f7f90f7615e	1	0	1
7f7f90d91b08	1	0	1
7f7f90d91b44	1	0	0	7f7fa4489b9a	1
7f7f90d69000	1	1	0
40cb2c	1	0	0
7f7f90fea3b0	1	0	0	7f7f90fea3b6	1
7f7f90d692e0	1	0	0
7f7fa447c122	1	1	0
403132	1	1	0
7f7f90d69298	1	0	0	7f7fa4489b9a	1
7f7fa4494bd2	1	0	0
7f7f90d6a150	1	0	0	7f7fa4489b9a	1
7f7f90fea000	1	1	0
7f7fa4494ad0	1	0	1
7f7f90fed1b0	1	1	0
401236	1	0	0
7f7fa448209b	1	0	1
7f7f90feb430	1	0	0
7f7fa447bfbe	1	0	0
7f7fa4488866	1	0	1
7f7fa447f7b6	1	0	1
404a03	1	0	1
7f7fa4494a50	1	1	0
7f7fa4480d9f	1	0	1
7f7f90e4bf6e	1	0	0	7f7f90e8ac10	1
4083f5	1	0	1
7f7fa4486812	1	0	0
7f7fa4494948	1	1	0
7f7f90e0534a	1	0	0	7f7f90e06793	1
410b5f	1	1	0
7f7f90db7184	1	1	0
7f7f90feb467	1	1	0
4013d0	1	0	1
405f0f	1	0	1
7f7f90feb59d	1	0	0
7f7f90db717c	1	0	1
7f7f90feb5c3	1	0	0
7f7f90feaaaa	1	0	0
7f7f90e8ac64	1	0	0
7f7f90f663e0	1	0	0
7f7fa447c78f	1	0	1
402eb1	1	0	0
7f7f90e7bd80	1	0	0
40829f	1	0	1
7f7fa4488826	1	0	1
7f7f90feb5fe	1	0	0
7f7f90d696d0	1	1	0
7f7f90feb613	1	0	0
7f7f90feb642	1	1	0
7f7f90feb65d	1	0	0
7f7fa447af0c	1	0	1
4123df	1	0	0
40c871	1	0	0
7f7f90feb675	1	0	0
7f7f90fea536	1	0	0
7f7fa4494bfa	1	0	1
7f7f90e53380	1	0	1
7f7f90e533b8	1	1	0
7f7f90e0e5fd	1	0	1
7f7f90e53430	1	0	1
7f7f90e53438	1	0	1
7f7fa447b91a	1	0	0	7f7fa44840d0	1
7f7fa447ba7a	1	0	1
7f7f91014764	1	0	0	7f7fa4489f8d	1
7f7f90e536a8	1	0	0
7f7f90ef6730	1	1	0
7f7fa447c702	1	1	0
7f7f90e82595	1	0	0	7f7f90e0ab8d	1
4083ac	1	0	0
7f7f90e4be80	1	0	1
7f7f90e05872	1	0	0	7f7f90e0ab80	1
7f7f90e4bead	1	0	0
7f7f90e816fc	1	0	1
7f7f90e8170a	1	0	0
7f7f90e8171c	1	0	1
7f7fa4488162	1	0	0
7f7fa447b001	1	0	1
7f7f90e4bed0	1	0	1
7f7fa4497a2a	1	1	0
7f7f90e0e89b	1	0	0	7f7fa4485c93	1
7f7f90ecd6b8	1	0	0
7f7fa4494884	1	0	1
41230f	1	0	0
7f7f90d91bda	1	0	0
40133c	1	1	0
40840c	1	0	1
7f7f90e08250	1	0	0	7f7f90e07b10	1
7f7f90e07210	1	0	0
7f7fa447a05c	1	0	0	7f7fa4479108	1
7f7f90d901e0	1	0	0
7f7fa44949c0	1	1	0
7f7fa448d490	1	0	1
7f7fa448d4b6	1	0	1
7f7f90da2500	1	0	0	7f7fa4489b5c	1
7f7fa448d527	1	0	0	7f7f90ecd6c0	1
7f7f90ecd6c0	1	0	1
7f7fa4488d72	1	0	1
7f7f90f746e4	1	1	0
7f7f90ecd71a	1	0	1
7f7fa447b7c8	1	0	1
4051a5	1	0	1
7f7fa4480db6	1	0	1
7f7fa447c49e	1	1	0
7f7fa4491bb9	1	1	0
7f7f90ecd940	1	0	0
7f7f90ecd832	1	0	0	7f7f90f6c7b0	1
7f7f90e8abe0	1	0	0
41053b	1	0	0
7f7fa4491b82	1	0	1
7f7fa448a960	1	0	0
402a55	1	0	0
7f7fa447baa1	1	0	0	7f7fa44840d0	1
7f7fa44827cd	1	1	0
7f7f90df134e	1	0	1
401186	1	0	0
7f7f90ecd840	1	0	0	7f7f90e07226	1
7f7fa4494c06	1	0	0
7f7fa4489c73	1	0	1
7f7fa4497e30	1	1	0
7f7f90e07226	1	0	1
7f7fa448a97d	1	0	0
7f7fa4479dd6	1	0	0	7f7fa4495dc2	1
7f7f90fec8c2	1	0	0
7f7f90df1300	1	0	1
7f7f90e00dd2	1	0	1
7f7f90fec3aa	1	0	1
7f7fa447c2ef	1	0	1
7f7f90e0722e	1	0	1
7f7f90e07b93	1	0	0
7f7fa448904c	1	0	1
7f7fa447b5cd	1	0	1
7f7f90e0723d	1	0	0
7f7f90e0710e	1	0	0
7f7f90e07136	1	0	0
7f7f90e05830	1	1	0
7f7f90e0714a	1	0	0
7f7f90e0715e	1	0	0
7f7f90e071d6	1	1	0
7f7f90e071e7	1	0	1
4010c6	1	0	0
7f7f90e07201	1	0	0	7f7f90e07b3c	1
7f7f90e07b48	1	0	1
7f7fa448105d	1	0	0
7f7fa449456a	1	0	1
7f7fa447b8a4	1	0	1
7f7f90e07b51	1	1	0
7f7f90e07b83	1	0	1
7f7f90fea390	1	0	0	7f7f90fea396	1
7f7fa4489d11	1	0	0
7f7f90e07bf8	1	0	1
7f7f90e06940	1	0	1
4122c0	1	0	0
7f7fa4481ee1	1	0	1
7f7f90d91a67	1	0	1
7f7f90e7b3ed	1	0	0	7f7f90ffdd43	1
7f7fa4495217	1	0	0
7f7fa4480cc9	1	0	0	7f7fa4482898	1
7f7f90f7622a	1	0	0
7f7fa4480dc6	1	0	0
402dda	1	1	0
7f7fa4479cf2	1	0	0	7f7fa447dfad	1
7f7f90e00c13	1	0	1
402ce4	1	1	0
7f7fa4480d8d	1	0	1
7f7f90fec3ae	1	0	0
7f7f90f66ffa	1	0	1
402beb	1	0	0
7f7fa4480d7f	1	0	1
4012d6	1	0	0
412479	1	0	0	405bec	1
7f7fa4480860	1	1	0
7f7f90e05235	1	0	1
7f7f90e05550	1	0	1
7f7f90e82567	1	0	1
7f7f90e8252c	1	1	0
7f7f90e00aac	1	0	1
7f7fa447ebc2	1	0	1
7f7f90e82591	1	0	1
7f7f90e07b37	1	0	0
7f7fa4487cb1	1	0	1
7f7f90e00a9c	1	0	1
7f7f90e0559f	1	1	0
7f7f90dfe965	1	1	0
7f7fa447b8b5	1	0	1
7f7fa447b888	1	0	1
7f7f90ef9e6b	1	0	0	7f7f90f74707	1
7f7f90e05702	1	0	0
7f7fa447c1fe	1	0	0
7f7fa4488aa6	1	1	0
7f7f90db73d6	1	0	1
7f7f90e055c0	1	1	0
7f7f90ef2123	1	1	0
7f7fa447c0d5	1	0	0
7f7fa4495247	1	0	0
7f7f90e05800	1	0	1
40436b	1	0	0
7f7fa4497cf0	1	1	0
7f7fa4488bdc	1	0	1
7f7f90e0578a	1	1	0
404a64	1	0	0
7f7fa448c6d9	1	0	0
405b06	1	0	1
7f7f90e06987	1	0	1
7f7f90e0e6f0	1	1	0
7f7f90e06997	1	0	1
7f7f90e069d7	1	0	0	7f7f90e07c0e	1
7f7fa44951ff	1	0	1
7f7f90e07c0e	1	1	0
7f7f90dd0e4d	1	1	0
4013b5	1	0	0	4185dd	1
7f7f90e7b3d3	1	0	1
7f7f90e07bb6	1	1	0
7f7f90e07bd4	1	0	0	7f7f90e4bf19	1
7f7f90e4bf19	1	0	1
7f7f90feb5d6	1	0	0
7f7f90e8ac10	1	0	1
7f7fa448c690	1	0	0	7f7f90f66f35	1
7f7fa447bfd1	1	0	1
7f7fa4480ae3	1	0	1
7f7fa44855a0	1	0	0
7f7fa4480a8e	1	1	0
7f7fa4482870	1	0	0
7f7f90febd57	1	0	0
7f7fa4492e43	1	1	0
4050f2	1	0	0	404f13	1
7f7f90feb5e9	1	0	0
7f7f90e8166c	1	0	1
41236b	1	0	0
404a3b	1	0	1
404213	1	0	0
7f7f90e8ac1c	1	0	0
7f7f90fea3b6	1	0	0
7f7f90db7280	1	0	1
7f7fa4496dfb	1	1	0
402cda	1	0	0
7f7f90db728c	1	1	0
7f7f90db73db	1	0	0
402c13	1	0	0
7f7f90e8ac73	1	1	0
7f7f90e4c392	1	0	1
7f7fa447bfe0	1	0	1
7f7f90d9202d	1	0	0
7f7f90feb5b0	1	0	0
7f7f90fed20b	1	0	0
7f7f90e04a25	1	0	1
7f7f90dd0e70	1	0	0	402eb1	1
7f7f90ffdcb7	1	1	0
7f7fa4487c37	1	0	0
7f7fa448c749	1	0	0	7f7fa4479c9a	1
7f7fa4495faa	1	0	1
7f7fa4495fb4	1	1	0
7f7fa44951e0	1	0	1
7f7f90e05880	1	0	1
7f7f90e07186	1	0	0
7f7f90e04a5f	1	0	1
4042fa	1	1	0
7f7f90e05001	1	0	0
7f7f90e82e64	1	0	0	7f7f90e02d04	1
7f7f90e04770	1	0	1
7f7fa448c4d0	1	0	1
7f7f90e0719a	1	0	0
7f7f90e070fa	1	0	0
7f7f90e8ac88	1	0	1
7f7fa4488d15	1	0	1
7f7f90e0588f	1	0	0
7f7fa4496df0	1	0	0
7f7f90e8ac98	1	0	0	7f7f90e536ad	1
7f7f90fea530	1	0	0	7f7f90fea536	1
7f7f90e00d60	1	0	0
7f7f90e533f0	1	0	1
7f7fa447b9e5	1	0	0	7f7fa44840d0	1
7f7f90e816d0	1	0	1
7f7fa447a125	1	0	1
7f7fa44828a5	1	1	0
402b73	1	1	0
7f7f90dffc4b	1	0	1
7f7f90fed24d	1	0	1
7f7fa449444e	1	0	0
7f7f90fea4c0	1	0	0	7f7f90fea4c6	1
7f7f90fea4c6	1	0	0
7f7f90fea396	1	0	0
7f7f90d91b88	1	0	0
7f7f90e81734	1	0	0	7f7f90e4beb7	1
7f7f90f66740	1	0	0	7f7f90f661e0	1
7f7f90e8254e	1	0	0	7f7f90e0ab8d	1
7f7f90df0258	1	0	1
7f7f90f661e0	1	0	0
7f7fa44876f5	1	0	1
7f7f90d69220	1	0	0
7f7f90ef9d30	1	1	0
7f7f90fec3d2	1	0	0
401126	1	0	0
7f7f90feb78b	1	0	0
7f7f90e7bd8b	1	0	1
7f7fa4487520	1	1	0
7f7f90ef9e4e	1	0	1
7f7f90ef9e5d	1	0	1
412281	1	0	0
7f7f90ef9e67	1	1	0
41228d	1	0	0
7f7fa4480b18	1	0	1
7f7fa447c03c	1	0	0
7f7f90f74707	1	0	0	7f7f90ffdcb7	1
7f7fa447c002	1	0	1
7f7f90df1406	1	0	0	40832c	1
405e5f	1	1	0
7f7fa4482925	1	0	0
7f7fa447bb5d	1	0	0	7f7fa44840d0	1
7f7fa44943ce	1	0	0
7f7fa448c6b0	1	0	0
7f7fa447a6eb	1	0	1
7f7f90e7b460	1	0	0	7f7fa44891fa	1
7f7fa447bff1	1	0	1
40498f	1	1	0
4185e6	1	0	0	7f7f90d92010	1
40c6f8	1	0	0
7f7fa4488780	1	0	0
7f7f90e0e3d0	1	0	0	7f7fa4485c93	1
7f7f90e00de2	1	0	1
7f7f90ffddaf	1	0	1
7f7fa447bf89	1	0	1
7f7f90ffddd9	1	0	0	7f7f90feb67a	1
7f7fa448c460	1	0	1
7f7f90ffdde6	1	0	0
7f7f90feb701	1	1	0
7f7f90e05275	1	1	0
7f7f90fecc15	1	0	0
7f7fa4485522	1	1	0
7f7f90feb950	1	0	0
7f7f90febb6c	1	0	1
403f13	1	0	1
7f7fa4494fca	1	0	1
7f7fa447bf6a	1	0	1
7f7f90febb85	1	1	0
7f7fa447a5e0	1	0	0
7f7fa447bf55	1	0	1
7f7fa447b17b	1	0	1
7f7fa449806a	1	1	0
7f7fa4482251	1	1	0
7f7fa448c4f8	1	0	1
7f7fa447bef6	1	0	0
7f7fa4479c90	1	0	0
7f7fa4494b9a	1	1	0
7f7fa447ae3f	1	1	0
7f7fa44876e7	1	0	1
7f7f90febbac	1	1	0
7f7f90e0d230	1	0	0	7f7fa4485c93	1
402e2b	1	1	0
7f7f90fecc2f	1	0	1
7f7fa448a065	1	0	1
7f7f90fecc3b	1	0	0
7f7fa449598f	1	0	0	7f7fa4481bbf	1
7f7fa4491b75	1	0	1
7f7f90febd40	1	1	0
7f7f90fea2d6	1	0	0
7f7fa44943c5	1	0	1
402db0	1	1	0
7f7fa447f8b8	1	0	1
7f7fa447bf2b	1	1	0
7f7f90d91c6b	1	1	0
7f7f90febd68	1	0	0
7f7fa4494f60	1	0	0
405e0c	1	1	0
4042ac	1	0	0
7f7fa44855d9	1	0	0
7f7f90feb6e7	1	0	0
7f7fa447c021	1	0	1
7f7fa44948cd	1	0	1
7f7f90e0708e	1	1	0
7f7fa447a090	1	1	0
7f7fa447ad13	1	0	0
7f7f90febd77	1	0	1
405dfc	1	1	0
7f7f90fec395	1	0	0
408184	1	1	0
7f7fa4481d35	1	0	1
7f7f9100cbe0	1	0	0
7f7fa4479fa8	1	0	1
7f7f90d90510	1	0	0	7f7f90d901e0	1
40c6d3	1	0	0
7f7f9100be91	1	0	1
40821c	1	0	1
7f7f90fea496	1	0	0
4081c2	1	0	0
7f7f90f70c2d	1	1	0
7f7fa4489dde	1	0	1
7f7f9100b740	1	0	0
7f7fa4494a30	1	1	0
7f7fa4481f44	1	0	0
7f7f9100be8c	1	0	1
7f7f9100be9f	1	0	1
7f7f90fec465	1	0	0
7f7f90e000a3	1	0	0	7f7f90dfd6fa	1
7f7f91012c00	1	0	0
7f7f91012c5a	1	0	0
7f7f90fec46a	1	0	1
7f7fa4494861	1	0	1
4108e6	1	1	0
7f7fa4479efb	1	0	1
7f7f90fec47e	1	0	0	7f7fa4489b9a	1
7f7f90dfce92	1	1	0
7f7fa44820ab	1	0	0
7f7f90fed15b	1	0	1
7f7fa4494da7	1	0	0
405d20	1	1	0
4011b6	1	0	0
7f7fa4488b9a	1	0	0
405bb7	1	0	1
7f7f90e071c2	1	0	0
7f7f90d91f90	1	1	0
402c37	1	0	0
7f7f90e0e984	1	0	1
7f7f90d91fdb	1	0	0
4018f6	1	1	0
7f7f90db0c1e	1	0	0
40843a	1	0	1
402c82	1	0	0
7f7f90d91fd0	1	0	1
402c77	1	0	1
7f7fa4480a40	1	0	1
7f7f90db4dfc	1	0	1
7f7fa447b2ea	1	1	0
7f7f90dfce88	1	0	0
7f7fa447c7bb	1	0	0	7f7fa4494c4b	1
40839d	1	0	0
7f7f90db4e12	1	0	0
7f7fa4485baf	1	1	0
7f7f90db4b91	1	0	1
7f7f90e02c40	1	0	0	7f7f90ffdc9c	1
404f08	1	0	0	405045	1
7f7f90db4ba6	1	0	0
7f7fa4494457	1	0	1
7f7f90ef98a0	1	0	1
7f7fa4481f24	1	0	0
7f7f90e7b3c0	1	0	1
7f7f90f66f35	1	1	0
7f7f90db4c50	1	0	0
7f7fa4494dd8	1	0	1
7f7fa449598c	1	0	0	7f7fa4481bbf	1
7f7f90e00f76	1	0	1
7f7f90db4c12	1	0	0	7f7f90db4e27	1
7f7fa4488874	1	0	1
7f7f90fec3c4	1	1	0
7f7fa4481f1b	1	0	1
7f7fa447c064	1	0	1
7f7fa4494441	1	0	1
7f7f90feaaaf	1	1	0
7f7f90db4e27	1	0	1
7f7fa447bee8	1	0	1
7f7f90db4e30	1	0	1
7f7fa4488f70	1	0	0
7f7fa4481ed5	1	0	1
7f7f90dfd647	1	0	0	7f7f90df13c1	1
41078b	1	0	0
418580	1	0	0
401038	1	0	0
401041	1	0	0	4185c5	1
4185c5	1	0	1
7f7f90d91d21	1	0	0
7f7f90e0e8a0	1	1	0
7f7fa449486b	1	0	1
7f7fa447b7cf	1	0	1
4109c9	1	1	0
4122de	1	0	1
4185ca	1	0	0	4013f0	1
7f7fa4482207	1	1	0
4013f0	1	1	0
7f7fa44821f5	1	0	1
7f7fa44821d0	1	0	1
7f7f90d91ad5	1	1	0
401415	1	0	0
7f7fa4488eb0	1	0	1
401390	1	0	1
7f7f90e00f48	1	0	1
4185dd	1	0	1
7f7f90d92010	1	0	1
7f7f90d92025	1	0	1
7f7fa4494c0b	1	0	0
401266	1	0	0
7f7f90f66bac	1	0	0	7f7fa4489f6b	1
7f7f90f761d0	1	0	0
7f7fa44820e9	1	0	1
7f7fa4488f95	1	0	0
7f7f90dfee55	1	1	0
7f7f90db0bb0	1	1	0
7f7fa448c46d	1	0	0	7f7fa447bf89	1
7f7f90d92037	1	0	1
7f7f90d9203f	1	0	0	4040af	1
7f7fa4488f80	1	0	1
7f7fa44948c6	1	0	1
7f7f90e0e989	1	0	0	7f7fa4485c93	1
7f7f90df012b	1	0	0
7f7f90db0c3c	1	0	0	7f7f90d92037	1
7f7fa449af70	1	0	0	7f7fa44975d3	1
4040d5	1	0	0
7f7f90e82560	1	0	0
7f7f90ecd680	1	0	0	7f7f90f6afc0	1
7f7fa4488dc2	1	1	0
7f7fa4488d98	1	0	1
4011d6	1	0	0
7f7f90ecd7ed	1	1	0
7f7f90fed1fd	1	0	1
7f7fa44987b0	1	0	1
404178	1	0	0
7f7fa447b893	1	0	1
40435c	1	1	0
7f7f90feb95c	1	1	0
7f7f90feb797	1	1	0
402a47	1	1	0
412320	1	0	0
7f7f90e0e8eb	1	0	0	7f7fa4485c93	1
7f7f90fed1e8	1	0	0	7f7fa4489b9a	1
7f7fa4488d09	1	0	1
7f7f90df1322	1	0	1
7f7fa4488cd7	1	1	0
7f7fa447f5ce	1	0	0
4010a6	1	0	0
7f7f90e058a8	1	0	0
7f7f90e071ae	1	0	0
401840	1	0	1
7f7fa447c010	1	0	0
7f7fa447a6fb	1	1	0
4012d0	1	0	0	4012d6	1
401310	1	0	0
405e4f	1	0	0
7f7fa4482290	1	0	0
7f7fa4488c9d	1	0	0
7f7fa4488cb2	1	0	1
404196	1	0	0
412353	1	0	0
7f7f90dffab2	1	0	1
418640	1	0	0	41863a	1
7f7fa447cbf4	1	0	0
4041de	1	1	0
41239b	1	0	0
4041ca	1	1	0
7f7fa44887c2	1	0	1
7f7f90e53440	1	0	0	7f7f90e536a8	1
7f7f90dfd6b5	1	0	1
7f7f90d91bcc	1	0	1
401066	1	0	0
7f7fa4495f5f	1	0	0	7f7fa4494aa2	1
7f7fa44982b0	1	0	1
7f7fa447b0c1	1	0	1
404202	1	0	0
7f7fa44953c0	1	1	0
7f7fa4488b18	1	1	0
7f7fa4489076	1	0	0
7f7fa447b228	1	1	0
40424a	1	1	0
404255	1	0	0
412412	1	0	0
7f7fa4481d3c	1	0	1
401226	1	0	0
7f7f90e5113f	1	0	0
7f7fa447c1c7	1	0	0
7f7f90db71b3	1	0	1
7f7fa4488a33	1	0	1
7f7fa447a070	1	1	0
7f7f90ef8170	1	0	0	403f03	1
7f7f90e047ca	1	0	0	7f7f90e0500d	1
7f7fa4485c65	1	0	1
7f7fa4488e8f	1	1	0
7f7f90dfd450	1	0	0
401874	1	0	1
4011c6	1	0	0
7f7fa4488e5f	1	0	1
7f7f90df0f27	1	0	0	4017b2	1
7f7f90f746c0	1	0	0
7f7fa4488880	1	0	1
7f7f90fed140	1	0	0
7f7fa4495020	1	0	0	7f7fa447c78f	1
407db4	1	0	0
4042ca	1	0	1
40a3d3	1	0	0
7f7fa44887f0	1	0	1
7f7f90e7d580	1	0	0
40431b	1	0	0
7f7fa4495f90	1	0	1
7f7fa447b0ce	1	0	1
4012f6	1	0	0
7f7fa4488816	1	0	1
7f7fa4488804	1	1	0
7f7f90e027c3	1	0	1
7f7f90e0e2f0	1	0	0	7f7fa44891fa	1
7f7fa44855d0	1	0	1
7f7fa44887fa	1	0	1
7f7fa4482c97	1	1	0
7f7fa4479100	1	0	0
40437f	1	0	1
402ccf	1	0	1
7f7f90e0584c	1	0	1
404384	1	0	0
7f7fa4482050	1	0	0
7f7fa4488bf5	1	0	1
7f7fa447bce0	1	1	0
7f7fa4489d08	1	0	1
402a6f	1	0	0	403291	1
40439d	1	0	0
7f7fa449529c	1	0	1
4043ca	1	1	0
7f7fa4495236	1	0	1
7f7fa447b031	1	1	0
7f7fa447bcb4	1	0	0
404612	1	0	0
7f7f90e4c390	1	0	1
7f7fa4488e6c	1	0	1
4044c7	1	0	0
7f7f90df1383	1	0	1
7f7fa44853de	1	1	0
7f7f90fed217	1	0	0
404615	1	0	0
7f7f90d91ad0	1	0	1
7f7f90e07b10	1	0	1
40494c	1	0	0
7f7f90e06955	1	0	1
7f7f90d91b0d	1	0	1
7f7fa447b4fd	1	0	0
7f7fa4482898	1	0	1
7f7fa448a8f0	1	0	0
7f7fa447b5db	1	1	0
7f7fa447bc18	1	0	0	7f7fa44840d0	1
7f7fa447b7fd	1	1	0
7f7fa4495985	1	0	0	7f7fa4481bbf	1
7f7f90d69140	1	0	0	7f7f90db4f10	1
7f7fa4488a79	1	0	1
40494f	1	1	0
7f7fa447bbf1	1	0	1
7f7fa447b4f2	1	0	0
7f7fa448d520	1	0	1
7f7f90febd8a	1	1	0
7f7f90e82e50	1	0	1
4049cf	1	1	0
7f7f90e07be0	1	0	0
7f7fa447bbe6	1	0	1
7f7fa4479ca2	1	0	0
7f7fa447b21b	1	0	1
7f7f90ffdc9c	1	0	0
4049ee	1	1	0
7f7f90f66a30	1	0	0	7f7f90f664d0	1
404a0e	1	0	0
7f7fa447bbd3	1	0	1
7f7f90e05299	1	0	1
404a4a	1	1	0
7f7f90d91f45	1	0	0
7f7fa447beda	1	0	1
412256	1	0	1
7f7fa448a21f	1	0	0	7f7fa447be7c	1
407dcf	1	1	0
402bba	1	1	0
7f7f90d91b73	1	0	0
402bff	1	0	0
7f7fa4494ed6	1	0	0
401296	1	0	0
7f7fa447b406	1	0	1
402bab	1	0	1
7f7fa44828dd	1	1	0
7f7fa44851c4	1	0	0	7f7fa4479160	1
4013e2	1	0	0	7f7fa4489f6b	1
4040cf	1	1	0
4043b6	1	0	0
7f7fa4488c27	1	0	0
7f7fa4481ed0	1	0	0
7f7fa4487665	1	1	0
7f7fa447aebc	1	0	1
7f7fa447bb3f	1	0	1
7f7f90fed15f	1	0	0	7f7fa4489b9a	1
7f7fa4485b00	1	0	1
7f7fa4488891	1	0	0
7f7fa447bb17	1	0	1
7f7f90f664b0	1	0	0
7f7f90fea036	1	0	0
7f7f90db71bf	1	0	0	7f7f90e8ac55	1
7f7f90e8d1a0	1	0	1
7f7fa447a0de	1	0	1
7f7fa4489bb0	1	1	0
7f7f90df0139	1	0	1
7f7fa447b9b3	1	0	1
7f7f90df0f40	1	0	0
7f7fa4479df0	1	0	1
7f7fa4494855	1	0	1
4123bd	1	0	0
7f7f90e00ae1	1	0	0
7f7f90db4953	1	0	1
7f7f90db4968	1	0	1
408451	1	0	1
405837	1	1	0
4122ed	1	0	0
7f7fa447b48a	1	0	0
7f7f90ef21b5	1	1	0
412342	1	0	0
7f7f90ef21ea	1	1	0
7f7f90ef2114	1	0	1
7f7f90f66bc0	1	0	0
7f7f90ef2131	1	0	0	402ae4	1
402dc6	1	0	0
401216	1	0	0
402e20	1	0	1
407c64	1	0	1
7f7f90d905e0	1	0	0	7f7f90ef6730	1
402e8e	1	0	0
7f7fa4479c95	1	0	0
402e98	1	0	1
402e9c	1	0	1
7f7f90dffff9	1	1	0
402ea7	1	0	0
7f7f90feb694	1	1	0
4010b0	1	0	0	4010b6	1
4010b6	1	0	0
7f7f90e00c6e	1	0	0	7f7f90e00d89	1
7f7f90dd0e40	1	0	0
7f7f90e7def0	1	0	0
7f7fa4497ce2	1	0	1
7f7f90e7defb	1	0	1
7f7f90e7df03	1	0	0	7f7f90dd0e4d	1
7f7fa447913a	1	0	0	401310	1
7f7f90e4c119	1	0	0
402ee7	1	0	1
7f7f90e4c110	1	0	1
7f7f90e0d820	1	0	0	7f7fa4485c93	1
7f7f90e7b5f0	1	0	0
402ef2	1	1	0
7f7f90e7b5fb	1	0	1
402f67	1	0	0
7f7fa447c33c	1	1	0
4029c3	1	0	0
4029e0	1	1	0
7f7f90f73ac7	1	0	1
7f7f90e533af	1	0	1
402f71	1	0	1
402f80	1	1	0
7f7fa449445f	1	1	0
40311f	1	0	0
4028ba	1	0	0
401280	1	0	0	401286	1
401286	1	0	0
7f7f90f73a60	1	1	0
7f7fa447be7c	1	1	0
7f7f90e2ad78	1	0	1
409e90	1	1	0
7f7fa4494b55	1	0	0
7f7f90f73a9d	1	0	1
7f7f90f73aa9	1	0	0
404941	1	1	0
7f7f90f73adb	1	0	0	4028e5	1
7f7fa4479f56	1	0	1
4028e5	1	1	0
4028f5	1	0	0
7f7f90e02d04	1	0	0	7f7f90febd68	1
405b1f	1	0	1
4050dd	1	1	0
401260	1	0	0	401266	1
7f7f90df0060	1	0	1
7f7f90df00c4	1	0	1
7f7f90df00cc	1	0	1
7f7f90df00d4	1	0	1
4051c7	1	1	0
7f7f90df00db	1	0	1
7f7f90df00e3	1	0	1
7f7fa4494ec4	1	0	0
7f7fa447bf84	1	0	0
7f7f90df00eb	1	1	0
7f7f90e7c690	1	0	1
7f7f90dfd6eb	1	0	0
7f7f90e7c6ce	1	0	1
7f7fa447b0b9	1	0	0
7f7f90e7c6d3	1	0	0
7f7fa4495568	1	0	0
7f7f90e81640	1	0	1
7f7f90e81664	1	0	1
7f7f90e7c6d8	1	0	1
7f7f90e7c6ec	1	0	0	7f7f90df0139	1
7f7f90e8256b	1	0	0
7f7f90df0142	1	1	0
7f7fa4494587	1	1	0
7f7f90d6970c	1	0	1
7f7fa447b527	1	0	0
7f7fa447aea2	1	0	0
7f7fa447c757	1	0	0
7f7fa4481eec	1	1	0
7f7fa447b512	1	0	1
7f7fa4495286	1	0	1
40134e	1	0	0	401041	1
7f7fa4487bea	1	0	1
403291	1	1	0
7f7f90db482f	1	0	1
7f7fa4489bf8	1	0	0
7f7f90df0156	1	1	0
7f7f90df0169	1	0	0
7f7f90df0173	1	0	1
7f7fa447b422	1	1	0
7f7f90df017f	1	1	0
7f7fa449437a	1	0	1
7f7f90df01a5	1	0	0
7f7fa4479ffe	1	0	0
7f7f90df01b8	1	0	0
7f7fa447b81a	1	1	0
7f7f90df01ce	1	1	0
402906	1	1	0
7f7fa447b3ed	1	1	0
7f7fa4493040	1	0	0	7f7fa447c49e	1
40291b	1	0	0	403132	1
7f7fa447b3b7	1	1	0
404cc6	1	1	0
7f7fa447b37a	1	0	1
403198	1	1	0
7f7f90e4beec	1	0	0
40320a	1	1	0
7f7fa4494ecd	1	0	1
40324c	1	0	0
7f7fa447b346	1	1	0
7f7fa447b71e	1	1	0
4016ce	1	0	0
7f7fa447bd5b	1	0	0
7f7f90e0d7e0	1	0	0	7f7fa4485c93	1
4010f6	1	0	0
7f7fa449442e	1	1	0
7f7fa447bb2b	1	0	1
7f7fa447c6ae	1	1	0
4016fe	1	0	1
7f7f90fed1a8	1	0	0	7f7f90fed21c	1
401706	1	0	0
7f7fa447b84c	1	1	0
7f7fa447b212	1	0	1
7f7fa447b4e6	1	0	1
7f7fa4495f4b	1	0	1
401715	1	0	1
7f7f90df009c	1	0	0	402906	1
7f7fa447b1a9	1	0	1
7f7f90e026d0	1	0	0
40171d	1	0	0
407c42	1	0	1
407c49	1	0	1
40820b	1	0	1
407c55	1	0	1
407c5b	1	0	1
407c6a	1	1	0
7f7f90ffdd43	1	1	0
407ca0	1	0	0
7f7f90e7c280	1	0	1
407cac	1	1	0
7f7f9100be6b	1	0	1
407cea	1	1	0
407d25	1	0	1
4016af	1	0	0
407d2c	1	0	1
7f7fa447b0f8	1	0	1
409d5e	1	1	0
407d3d	1	1	0
4018e9	1	0	1
4044ac	1	0	0
40502b	1	0	0
7f7f90dfce7a	1	0	0
7f7fa4489df3	1	1	0
410515	1	0	0
7f7fa448208a	1	0	0
405045	1	1	0
7f7fa4485118	1	0	1
405053	1	0	1
7f7f90febdc1	1	1	0
405060	1	0	1
405066	1	0	1
40506c	1	1	0
40507f	1	1	0
7f7f90d91da1	1	0	0
7f7fa4485510	1	0	1
405099	1	0	1
40508c	1	0	1
7f7fa44943f8	1	0	0
7f7fa448a072	1	0	0	7f7f90db48a7	1
7f7fa447b386	1	0	1
7f7fa4489dd7	1	0	1
4104f9	1	0	1
40cac2	1	0	0
40514f	1	0	0	404f13	1
7f7fa447b069	1	1	0
408379	1	0	1
7f7f90febd7b	1	0	0
40517e	1	0	0	404f13	1
7f7fa447b01f	1	0	1
40528c	1	0	0
7f7fa447b00d	1	0	1
405375	1	0	0
404fba	1	1	0
7f7f90ecd6e7	1	0	1
7f7fa4481e80	1	0	1
7f7fa4494404	1	0	1
404fc3	1	0	0	405381	1
7f7fa447ba5b	1	0	1
7f7f90ef2219	1	1	0
405381	1	0	0	407dcf	1
4041e9	1	0	0
7f7fa447b104	1	1	0
407e0f	1	0	0	401748	1
401748	1	0	1
40175a	1	1	0
404169	1	0	0
40177c	1	0	0
7f7f90df94da	1	0	0	4016a6	1
7f7f90dfec88	1	1	0
7f7f90dfec9c	1	0	0
7f7f90dfeca4	1	0	1
7f7fa4494780	1	0	1
7f7fa44880e8	1	0	0
7f7fa4479f2b	1	0	1
7f7f90dfecb1	1	0	0
7f7f90e02ce0	1	0	0
401246	1	0	0
7f7fa447af19	1	0	1
7f7f90e7b603	1	0	0	402a47	1
7f7fa447ba83	1	0	1
7f7f90dfd2b9	1	0	1
7f7f90dfd3b0	1	0	0
7f7f90dffa50	1	1	0
7f7fa447be0c	1	0	0
7f7f90dffa81	1	0	1
7f7f90dffb50	1	1	0
7f7fa447b43e	1	1	0
7f7f90db7139	1	1	0
402d30	1	0	0
7f7fa44875a1	1	1	0
7f7fa447bdf2	1	0	1
7f7f90dffa75	1	0	1
7f7f90dffa92	1	0	1
7f7f90dffa9b	1	1	0
7f7f90d692bb	1	0	0
7f7f90dffaf0	1	1	0
7f7f90dffad9	1	0	0	7f7f90dfea20	1
405f1c	1	0	0	404f40	1
404607	1	1	0
7f7f90dfd32e	1	0	1
405eef	1	0	0	404f40	1
7f7f90d904d0	1	0	0	7f7f90ef98a0	1
7f7f90dfd45b	1	0	0
405cc4	1	1	0
405afa	1	0	0
7f7fa4494360	1	0	1
7f7fa4489ef0	1	0	1
7f7fa4494850	1	0	1
7f7f91012c4e	1	0	1
405bc2	1	0	0
7f7f90dfe8b0	1	0	1
7f7fa4479eeb	1	0	1
410b53	1	1	0
7f7fa449219a	1	0	0	7f7fa4494a9b	1
405c50	1	0	1
7f7fa4485340	1	1	0
7f7fa4494b22	1	0	0
402a26	1	1	0
7f7fa447a0ef	1	0	1
401156	1	0	0
7f7f90ef9a43	1	0	0	7f7f90dfd35e	1
7f7f90dfd308	1	1	0
409f92	1	1	0
7f7fa4481f5b	1	0	0	7f7fa44822b9	1
7f7fa447aec0	1	0	1
7f7f90dffd38	1	1	0
7f7f90dffc55	1	0	1
7f7f90dfed40	1	0	0	7f7f90dfff86	1
4016cc	1	0	0	40178b	1
408127	1	1	0
405f69	1	0	0	404f40	1
7f7fa4488ec5	1	0	0
7f7fa447f8a1	1	1	0
4081d1	1	1	0
7f7fa447a14b	1	0	1
7f7fa447adc2	1	0	1
408204	1	0	1
7f7fa4494f2b	1	1	0
40822d	1	0	1
7f7fa4479f3b	1	0	1
40823e	1	0	1
408252	1	0	1
408267	1	0	0
7f7f90dfdef8	1	1	0
7f7fa448a91a	1	1	0
405d44	1	0	1
7f7fa4485200	1	0	0
7f7fa448d4d4	1	1	0
405d4a	1	0	0
405cd3	1	0	1
7f7fa447c192	1	1	0
405cdc	1	1	0
405821	1	0	1
4059e8	1	0	0
7f7fa44853d8	1	1	0
405628	1	0	1
405642	1	0	0
7f7f90db48a7	1	0	0
40564e	1	0	0
405bce	1	0	0
41216d	1	0	1
7f7fa447aee7	1	0	1
41218d	1	1	0
4121f7	1	1	0
41224a	1	0	0
7f7f90db4e67	1	0	0	7f7f90d91fe4	1
7f7f90db5280	1	1	0
7f7fa447bcab	1	0	1
7f7fa4485538	1	0	1
40c679	1	0	1
409c93	1	0	0
409cb0	1	1	0
409cb9	1	0	0
4041aa	1	0	0
409cfa	1	0	0
409d1f	1	1	0
7f7f90fec3e9	1	1	0
7f7fa4487edb	1	0	1
7f7f90dfe944	1	0	0	7f7f90dfce60	1
4083ee	1	0	1
409d67	1	0	0
409dc7	1	1	0
409dd2	1	0	0
7f7fa4485330	1	0	1
409e13	1	1	0
7f7fa448b563	1	1	0
409e1b	1	0	0
409e99	1	0	0
409f9c	1	0	0
409fa3	1	0	0
7f7fa4494ffd	1	0	1
7f7f90f746f0	1	0	0
409fa6	1	1	0
401881	1	0	1
7f7f90f66070	1	0	0
7f7fa447bb36	1	0	1
7f7fa4489dca	1	0	0	7f7f90f6afc0	1
7f7f90db4940	1	1	0
7f7f90db49b2	1	0	1
40a3ac	1	1	0
7f7fa4489e44	1	0	0
40a440	1	1	0
40a44b	1	1	0
7f7fa447b0a4	1	1	0
7f7f90ecd6c9	1	0	1
7f7f90dfd6fa	1	0	0
40a45e	1	0	0	40c6f8	1
40c843	1	0	0
40c881	1	1	0
7f7fa4494b7f	1	0	0
40d23c	1	1	0
7f7f90e069a0	1	0	0
4123ce	1	0	0
40c88d	1	1	0
40c8a3	1	0	0	412256	1
40c8a8	1	0	0	41228d	1
7f7fa447b492	1	0	1
7f7fa447b78a	1	1	0
7f7fa447b156	1	1	0
4122af	1	0	0
7f7f90e04e80	1	0	0
7f7fa449af20	1	1	0
7f7f90db4a40	1	0	0
7f7fa44945bb	1	0	1
7f7fa4485270	1	0	0
7f7f90e8165d	1	0	0
4122fe	1	0	0
412331	1	0	0
412381	1	0	0
40cbb9	1	1	0
40cbc1	1	0	0
7f7fa447ad2f	1	0	1
40cbed	1	1	0
40cbfc	1	0	0
7f7fa44855d4	1	0	1
40cdc5	1	1	0
40cdd8	1	0	1
40cde2	1	0	1
40cc2a	1	0	1
40ce64	1	0	0
7f7fa4494c19	1	0	1
404a2c	1	0	0
40cde6	1	0	1
4123a7	1	0	0
7f7fa447b2aa	1	0	1
7f7f90d91c89	1	1	0
407c4f	1	0	1
403110	1	0	0
40ceee	1	1	0
40cf65	1	0	0
7f7f90dfe960	1	0	1
40cfc6	1	1	0
40d004	1	1	0
40d03e	1	0	1
40d052	1	0	0
40d062	1	0	0
40d246	1	0	0
7f7fa4479c87	1	0	1
4104e9	1	1	0
7f7f90db52dd	1	0	0	7f7f90db4a0d	1
7f7fa448a968	1	0	0
7f7fa447ae96	1	0	1
408383	1	0	1
410502	1	1	0
4105e9	1	0	0
41077f	1	1	0
4107e7	1	1	0
4107ed	1	0	0
410855	1	0	0
4108dc	1	1	0
410923	1	0	0
41094a	1	0	0
7f7fa447c2f8	1	0	1
7f7fa4492050	1	0	1
7f7fa4494be6	1	0	0
7f7f90e00a30	1	0	1
7f7fa4494e0b	1	0	1
410961	1	0	0
7f7fa4494dfe	1	0	1
4109d1	1	1	0
7f7f90e16bb0	1	0	0	7f7fa4485c93	1
7f7fa4494de8	1	0	1
41243b	1	1	0
410b9c	1	0	1
7f7f90d90120	1	0	0
41210d	1	1	0
40832c	1	0	1
412120	1	1	0
4043b1	1	0	1
41215d	1	0	0	4123b3	1
412401	1	0	0
412423	1	0	0
7f7fa4494b16	1	0	1
7f7fa449436d	1	0	0
4123f0	1	0	0
41246d	1	0	0
401086	1	0	0
404a1d	1	0	0
7f7fa4494998	1	1	0
7f7fa4494fd5	1	1	0
7f7f90e05575	1	0	1
40c8ce	1	0	0
7f7f90e00c2e	1	0	1
401076	1	0	0
7f7f90f66ba7	1	0	0
40c94a	1	0	0	412479	1
405ae9	1	0	1
4059f2	1	0	0
7f7fa447c67f	1	1	0
405a01	1	0	1
405ac0	1	0	0	405b06	1
405b2b	1	0	1
7f7f90e2a549	1	1	0
405b42	1	1	0
405c46	1	0	0
7f7f90ffdc8b	1	0	0
7f7fa447af88	1	1	0
7f7fa4494f24	1	0	0
405e34	1	1	0
7f7fa4494edd	1	0	1
7f7fa4494524	1	0	0	7f7fa4494ec4	1
405bec	1	0	0
405e5b	1	0	1
405e78	1	0	0
7f7fa447a159	1	1	0
7f7fa4494bbe	1	0	0
4082a8	1	1	0
7f7f90e7d593	1	0	0	402a6f	1
4082db	1	0	1
7f7fa4487c86	1	1	0
7f7f90e05528	1	0	1
7f7fa4481eb1	1	1	0
4082f0	1	0	0
7f7f90df135e	1	0	1
7f7f90dfd5d0	1	0	1
7f7f90dfd5ea	1	0	1
7f7f90dfd606	1	1	0
7f7fa447ebcd	1	1	0
7f7fa4485b90	1	1	0
7f7f90dfd680	1	0	1
7f7f90dfd6aa	1	0	0	7f7f90dfed80	1
7f7f90dfed80	1	0	1
7f7fa4494548	1	0	1
7f7f90dfed95	1	1	0
7f7f90df0f1c	1	0	0	4017b2	1
7f7fa447c029	1	0	1
7f7f90dfee06	1	0	1
7f7fa4494bf5	1	0	1
40c93c	1	1	0
7f7fa44943d7	1	0	1
7f7f90dfef28	1	0	0
7f7fa4479f0b	1	0	1
7f7fa4494efd	1	0	0
7f7f90dfef30	1	0	0
7f7f90dfedfd	1	0	1
7f7fa447b412	1	0	1
7f7f90dfee6d	1	0	0
7f7f90dfedad	1	1	0
7f7f90dfd6be	1	0	1
7f7f90dfd6cf	1	0	1
7f7f90dfd6df	1	0	1
7f7f90dfffb0	1	0	1
7f7f90dfffbd	1	0	0
7f7fa4494abe	1	0	1
7f7fa4495f53	1	0	1
7f7f90e00030	1	0	1
7f7f90e0003d	1	0	1
7f7f90ecd7fd	1	1	0
7f7fa4479f74	1	1	0
7f7f90df13c1	1	0	1
7f7f90e4beb7	1	0	1
7f7fa447b1b5	1	0	0
7f7f90df13d4	1	0	1
7f7fa4480894	1	0	1
7f7f90f665d0	1	0	0	7f7f90f66070	1
7f7f90df0270	1	0	0
408337	1	0	0
7f7fa44945c8	1	1	0
7f7f90f6600d	1	0	0	7f7fa4489b5c	1
40838a	1	0	0
408399	1	0	1
40496f	1	1	0
7f7f90dfc3da	1	1	0
7f7fa4494fc1	1	0	1
405eae	1	1	0
7f7fa4494c37	1	0	0	7f7fa447a5e0	1
7f7fa448883e	1	0	0
7f7f90dfc470	1	0	0
7f7f90e8167c	1	0	0	7f7f90e7c6d8	1
7f7f90dfe93b	1	0	1
7f7fa4479ebf	1	0	1
7f7f90dfce9d	1	1	0
7f7f90e7c290	1	0	0
7f7f90e7c297	1	0	1
7f7f90e7c29f	1	0	0	7f7f90dfce8d	1
7f7f90dfce8d	1	0	1
7f7f90dfcef0	1	0	0
7f7f90dfe951	1	0	1
7f7f90dfe9c0	1	0	1
404398	1	0	1
7f7fa447b2b3	1	0	1
7f7fa4487be0	1	0	1
7f7f90dfc478	1	0	0
4083bb	1	1	0
7f7fa4480ad1	1	1	0
408423	1	0	1
405ecb	1	1	0
7f7f90feb67a	1	0	0
7f7fa4494adc	1	1	0
7f7f90db4de0	1	0	1
405f3c	1	0	1
405f89	1	0	0	408482	1
7f7f90dfedf0	1	1	0
7f7f90e04a64	1	0	1
4084a0	1	0	0	401840	1
7f7f90e0500d	1	0	0
7f7fa4492073	1	0	1
40185d	1	0	1
7f7f90df007f	1	1	0
404ad8	1	0	0
401865	1	0	0
7f7f90f76202	1	0	0
401891	1	0	0
7f7fa447be6e	1	0	0
7f7f90dfdf28	1	0	0
7f7f90d91f50	1	1	0
7f7fa4488e23	1	1	0
7f7fa44887e9	1	1	0
7f7f90e2ad70	1	0	1
7f7fa447ba6f	1	0	1
4018a0	1	0	1
7f7f90e06965	1	0	0
4018b8	1	0	0
7f7fa447bca0	1	0	1
4018d2	1	0	1
7f7fa44948e4	1	0	0
4018da	1	0	0
7f7fa4489ece	1	0	0
7f7f90e04a41	1	0	0
40cfcc	1	1	0
401af2	1	0	0	403271	1
403271	1	0	1
7f7fa44952a7	1	0	0	7f7fa447bcce	1
403287	1	0	0
7f7fa4479ecb	1	0	1
401270	1	0	0	401276	1
7f7f90e0555f	1	0	0	7f7f90e0ab80	1
401276	1	0	0
7f7f90fed1f0	1	0	1
7f7fa4479f8e	1	1	0
7f7fa447a710	1	1	0
7f7fa447b9c7	1	0	1
7f7fa4494b64	1	0	0
7f7f90e53410	1	1	0
7f7fa4495fd9	1	0	0	7f7fa4494c19	1
7f7f90e7bd93	1	0	0	402a26	1
402a34	1	0	0
408346	1	1	0
7f7fa4494920	1	1	0
7f7fa447ad66	1	0	1
401070	1	0	0	401076	1
401250	1	0	0	401256	1
7f7fa44949e8	1	0	1
404348	1	0	0
401256	1	0	0
7f7f90e0d14b	1	0	0	7f7fa4485c93	1
4032bb	1	0	0	404ac2	1
7f7fa4481e40	1	0	0	7f7fa4481f44	1
7f7fa4479ea9	1	1	0
404ac2	1	0	0
7f7f90e0004d	1	0	0
404ac5	1	0	1
7f7fa4479f62	1	0	1
404c81	1	0	0
7f7f90d92083	1	0	0
7f7fa447bd4b	1	0	1
7f7f90dfe8f1	1	1	0
7f7f90db47b0	1	1	0
7f7f90db47d3	1	0	1
7f7fa448b550	1	0	1
7f7f90db4a0d	1	0	0
7f7f90db4801	1	0	0
7f7f90d91e5c	1	0	1
7f7fa4495007	1	0	0
7f7fa447c676	1	0	1
7f7f90db4849	1	0	1
7f7f90db4868	1	0	1
7f7f90db4880	1	0	1
7f7f90db4886	1	0	0	7f7fa4489d60	1
7f7fa4489d60	1	0	1
7f7f90db0c30	1	0	1
7f7f90df13b4	1	0	0	7f7f90dfd5d0	1
7f7fa4489d86	1	0	0
40ce7b	1	0	0	4123a7	1
7f7fa4489e93	1	0	1
7f7fa4489e9e	1	0	1
7f7fa448a030	1	0	0
7f7fa4489eda	1	0	0	7f7f90f6c7b0	1
7f7fa4489ee7	1	0	1
4013d9	1	0	0
7f7f90e82588	1	0	0
7f7fa447bcd2	1	0	1
7f7fa4494d78	1	1	0
401360	1	0	1
401375	1	0	0	4013e2	1
7f7fa4494aa2	1	0	0
418630	1	0	0
41863a	1	0	0	7f7fa4489f8d	1
7f7fa4489fb8	1	0	0
7f7f90fea990	1	0	0
7f7f90fea6c8	1	0	0	7f7f90db4f10	1
7f7f90fed21c	1	0	0	7f7fa4489f6b	1
7f7f90f66b80	1	0	1
7f7fa4494a10	1	1	0
7f7f90f66b9b	1	0	0
7f7f90f66580	1	0	0	7f7f90db4f10	1
7f7f90f66b10	1	1	0
7f7f90f7625c	1	0	1
7f7f90f66b38	1	0	0	7f7f90f66bac	1
7f7f90f76538	1	0	0	7f7fa4489f8d	1
7f7f90d6971c	1	0	0	7f7fa4489f6b	1
7f7f90d692ad	1	0	1
7f7fa4488c60	1	0	0
7f7fa4479c9a	1	0	1
7f7f90d692c7	1	0	0
7f7fa4494b0b	1	0	1
7f7f90e00c5a	1	0	1
7f7f90d69230	1	1	0
7f7f90d69258	1	0	0	7f7f90d692cc	1
404aa4	1	0	0
7f7fa447a0b9	1	0	1
7f7f90d692cc	1	0	0	7f7fa4489f6b	1
7f7f90d6a17c	1	0	0	7f7fa4489f8d	1
7f7fa4489db5	1	1	0
7f7fa448a057	1	0	1
7f7f90e07ba2	1	0	1
7f7f90db481a	1	0	1
402f5c	1	0	1
7f7fa447af25	1	0	0
7f7fa4494700	1	0	1
7f7f90d91d17	1	0	1
7f7fa447be62	1	0	0
7f7fa4489bf0	1	0	1
7f7f90db495f	1	0	0
7f7f90db47e0	1	0	1
7f7fa447ae6d	1	1	0
7f7f90e81f80	1	0	0
7f7fa447ae7d	1	0	1
7f7f90db497f	1	0	1
7f7fa447f0f0	1	1	0
7f7f90db499d	1	0	0	7f7f90e00d60	1
7f7f90e00a8a	1	0	1
7f7f90e00c00	1	0	1
7f7f90e00c3d	1	0	0	7f7f90f72d20	1
7f7fa4495408	1	0	0	7f7fa447a6a4	1
7f7fa44808c3	1	0	1
7f7f90e00d89	1	0	1
7f7f90f70c20	1	0	1
7f7fa4479eb6	1	0	1
7f7f90e00d9c	1	0	0	7f7f90f72cb0	1
7f7f90e00dc0	1	0	1
7f7fa4494a70	1	1	0
7f7f90e00e14	1	0	0
7f7fa4479f1b	1	0	1
7f7f90e00f82	1	0	0	7f7f90f72d20	1
7f7f90e00f9f	1	0	1
7f7f90e00fb3	1	0	0	7f7f90db49b2	1
7f7fa4487cbe	1	0	1
